ID,Name JA,Name En,Category JA,States Names,ISO Codes,Region,Latitude,Longitude,Main Image,Main Image Caption EN,UNESCO URL
1,ガラパゴス諸島,Galápagos Islands,自然遺産,Ecuador,EC,Latin America and the Caribbean,-0.68986,-90.501319,https://whc.unesco.org/document/107413,Galápagos Islands (Ecuador),https://whc.unesco.org/en/list/1
2,キト市街,City of Quito,文化遺産,Ecuador,EC,Latin America and the Caribbean,-0.22,-78.51208333,https://whc.unesco.org/document/107444,City of Quito (Ecuador),https://whc.unesco.org/en/list/2
3,アーヘン大聖堂,Aachen Cathedral,文化遺産,Germany,DE,Europe and North America,50.77474685,6.083919968,https://whc.unesco.org/document/107468,Aachen Cathedral (Germany),https://whc.unesco.org/en/list/3
4,ランス・オ・メドー国定史跡,L’Anse aux Meadows National Historic Site,文化遺産,Canada,CA,Europe and North America,51.58472222,-55.55,https://whc.unesco.org/document/107491,L’Anse aux Meadows National Historic Site,https://whc.unesco.org/en/list/4
8,イシュケル国立公園,Ichkeul National Park,自然遺産,Tunisia,TN,Arab States,37.16361,9.67472,https://whc.unesco.org/document/107492,Ichkeul National Park (Tunisia),https://whc.unesco.org/en/list/8
9,シミエン国立公園,Simien National Park,自然遺産,Ethiopia,ET,Africa,13.18333333,38.06666667,https://whc.unesco.org/document/107520,Simien National Park (Ethiopia),https://whc.unesco.org/en/list/9
10,アワッシュ川下流域,Lower Valley of the Awash,文化遺産,Ethiopia,ET,Africa,11.10006,40.57939,https://whc.unesco.org/document/107524,Lower Valley of the Awash,https://whc.unesco.org/en/list/10
12,ティヤ,Tiya,文化遺産,Ethiopia,ET,Africa,8.43491,38.6121,https://whc.unesco.org/document/107525,Tiya,https://whc.unesco.org/en/list/12
13,,Melka Kunture and Balchit: Archaeological and Palaeontological Sites in the Highland Area of Ethiopia,文化遺産,Ethiopia,ET,Africa,8.703472222,38.59908333,https://whc.unesco.org/document/206413,"Gombore IB 1,700.000 years",https://whc.unesco.org/en/list/13
15,アクスム(古代王朝の首都),Aksum,文化遺産,Ethiopia,ET,Africa,14.13019,38.71861,https://whc.unesco.org/document/107526,Aksum (Ethiopia),https://whc.unesco.org/en/list/15
17,オモ川下流域,Lower Valley of the Omo,文化遺産,Ethiopia,ET,Africa,4.8,35.96666667,https://whc.unesco.org/document/107571,Lower Valley of the Omo,https://whc.unesco.org/en/list/17
18,ラリベラの岩窟教会群,"Rock-Hewn Churches, Lalibela",文化遺産,Ethiopia,ET,Africa,12.02935,39.04042,https://whc.unesco.org/document/124924,"Rock-Hewn Churches, Lalibela (Ethiopia)",https://whc.unesco.org/en/list/18
19,ファジル・ゲビ、ゴンダール地域,"Fasil Ghebbi, Gondar Region",文化遺産,Ethiopia,ET,Africa,12.607909,37.4697,https://whc.unesco.org/document/107584,"Fasil Ghebbi, Gondar Region (Ethiopia)",https://whc.unesco.org/en/list/19
20,古都ダマスクス,Ancient City of Damascus,文化遺産,Syrian Arab Republic,SY,Arab States,33.51083333,36.30972222,https://whc.unesco.org/document/107596,Great Mosque of the Umayyads,https://whc.unesco.org/en/list/20
21,古都アレッポ,Ancient City of Aleppo,文化遺産,Syrian Arab Republic,SY,Arab States,36.19916667,37.16277778,https://whc.unesco.org/document/120413,Ancient City of Aleppo (Syrian Arab Republic),https://whc.unesco.org/en/list/21
22,古代都市ボスラ,Ancient City of Bosra,文化遺産,Syrian Arab Republic,SY,Arab States,32.51916667,36.48416667,https://whc.unesco.org/document/107677,Ancient City of Bosra (Syrian Arab Republic),https://whc.unesco.org/en/list/22
23,パルミラの遺跡,Site of Palmyra,文化遺産,Syrian Arab Republic,SY,Arab States,34.55416667,38.26666667,https://whc.unesco.org/document/120400,Site of Palmyra (Syrian Arab Republic),https://whc.unesco.org/en/list/23
24,ナハニ国立公園,Nahanni National Park,自然遺産,Canada,CA,Europe and North America,61.54722222,-125.5894444,https://whc.unesco.org/document/133718,Nahanni National Park,https://whc.unesco.org/en/list/24
25,ジュッジ国立鳥類保護区,Djoudj National Bird Sanctuary,自然遺産,Senegal,SN,Africa,16.414602,-16.237906,https://whc.unesco.org/document/226474,Djoudj National Bird Sanctuary,https://whc.unesco.org/en/list/25
26,ゴレ島,Island of Gorée,文化遺産,Senegal,SN,Africa,14.66722,-17.40083,https://whc.unesco.org/document/120442,Island of Gorée,https://whc.unesco.org/en/list/26
27,メサ・ヴェルデ国立公園,Mesa Verde National Park,文化遺産,United States of America,US,Europe and North America,37.26166667,-108.4855556,https://whc.unesco.org/document/107776,Mesa Verde National Park,https://whc.unesco.org/en/list/27
28,イエローストーン国立公園,Yellowstone National Park,自然遺産,United States of America,US,Europe and North America,44.46056,-110.82778,https://whc.unesco.org/document/125356,Yellowstone National Park (United States of America),https://whc.unesco.org/en/list/28
29,クラクフ歴史地区,Historic Centre of Kraków,文化遺産,Poland,PL,Europe and North America,50.06138889,19.93722222,https://whc.unesco.org/document/120517,Historic Centre of Kraków (Poland),https://whc.unesco.org/en/list/29
30,ワルシャワ歴史地区,Historic Centre of Warsaw,文化遺産,Poland,PL,Europe and North America,52.25,21.013,https://whc.unesco.org/document/123676,Historic Centre of Warsaw,https://whc.unesco.org/en/list/30
31,アウシュヴィッツ強制収容所,Auschwitz Birkenau <br /><small>German Nazi Concentration and Extermination Camp (1940-1945)</small>,文化遺産,Poland,PL,Europe and North America,50.03888889,19.175,https://whc.unesco.org/document/107824,Entrance of Auschwitz I,https://whc.unesco.org/en/list/31
32,ヴィエリチカ岩塩坑,Wieliczka and Bochnia Royal Salt Mines,文化遺産,Poland,PL,Europe and North America,49.97916667,20.06388889,https://whc.unesco.org/document/123690,Wieliczka and Bochnia Royal Salt Mines (Poland),https://whc.unesco.org/en/list/32
33,ベラヴェシュスカヤ・プーシャ/ビャウォヴィエジャの森,Białowieża Forest,自然遺産,"Poland,Belarus","PL, BY",Europe and North America,52.7275,23.98111111,https://whc.unesco.org/document/128360,Belovezhskaya Pushcha / Bialowieza Forest,https://whc.unesco.org/en/list/33
34,ヴォルタ州、グレーター・アクラ州、セントラル州、ウェスタン州の城塞群,"Forts and Castles, Volta, Greater Accra, Central and Western Regions",文化遺産,Ghana,GH,Africa,5.39103,-0.49361,https://whc.unesco.org/document/107842,"Forts and Castles, Volta, Greater Accra, Central and Western Regions (Ghana)",https://whc.unesco.org/en/list/34
35,アシャンティの伝統的建築物群,Asante Traditional Buildings,文化遺産,Ghana,GH,Africa,6.401111111,-1.625833333,https://whc.unesco.org/document/107854,Bâtiments traditionnels ashanti,https://whc.unesco.org/en/list/35
36,チュニス旧市街,Medina of Tunis,文化遺産,Tunisia,TN,Arab States,36.81667,10.16667,https://whc.unesco.org/document/107860,Medina of Tunis,https://whc.unesco.org/en/list/36
37,カルタゴ遺跡,Archaeological Site of Carthage,文化遺産,Tunisia,TN,Arab States,36.85278,10.32333,https://whc.unesco.org/document/107867,Archaeological Site of Carthage (Tunisia),https://whc.unesco.org/en/list/37
38,エル・ジェムの円形闘技場,Amphitheatre of El Jem,文化遺産,Tunisia,TN,Arab States,35.29639,10.70694,https://whc.unesco.org/document/107885,Amphitheatre of El Jem (Tunisia),https://whc.unesco.org/en/list/38
39,ンゴロンゴロ保全地域,Ngorongoro Conservation Area,複合遺産,United Republic of Tanzania,TZ,Africa,-3.18722,35.54083,https://whc.unesco.org/document/197574,Ngorongoro Conservation Area,https://whc.unesco.org/en/list/39
42,ボヤナ教会,Boyana Church,文化遺産,Bulgaria,BG,Europe and North America,42.64516667,23.26552778,https://whc.unesco.org/document/122459,Boyana Church,https://whc.unesco.org/en/list/42
43,マダラの騎士像,Madara Rider,文化遺産,Bulgaria,BG,Europe and North America,43.27741667,27.11894444,https://whc.unesco.org/document/107944,The Madara Rider,https://whc.unesco.org/en/list/43
44,カザンラックのトラキア人の墳墓,Thracian Tomb of Kazanlak,文化遺産,Bulgaria,BG,Europe and North America,42.625774,25.399172,https://whc.unesco.org/document/107947,Thracian Tomb of Kazanlak,https://whc.unesco.org/en/list/44
45,イヴァノヴォの岩窟教会群,Rock-Hewn Churches of Ivanovo,文化遺産,Bulgaria,BG,Europe and North America,43.694858,25.987893,https://whc.unesco.org/document/107949,Rock-Hewn Churches of Ivanovo,https://whc.unesco.org/en/list/45
55,レーロース鉱山都市とその周辺,Røros Mining Town and the Circumference,文化遺産,Norway,NO,Europe and North America,62.57388889,11.38555556,https://whc.unesco.org/document/107956,Røros Mining Town and the Circumference (Norway),https://whc.unesco.org/en/list/55
58,ウルネスの木造教会,Urnes Stave Church,文化遺産,Norway,NO,Europe and North America,61.29825949,7.322678289,https://whc.unesco.org/document/130607,Urnes Stave Church (Norway),https://whc.unesco.org/en/list/58
59,ブリッゲン,Bryggen,文化遺産,Norway,NO,Europe and North America,60.39722,5.32306,https://whc.unesco.org/document/107984,Bryggen,https://whc.unesco.org/en/list/59
63,ヴィルンガ国立公園,Virunga National Park,自然遺産,Democratic Republic of the Congo,CD,Africa,0.916666667,29.16666667,https://whc.unesco.org/document/107990,Virunga National Park,https://whc.unesco.org/en/list/63
64,ティカル国立公園,Tikal National Park,複合遺産,Guatemala,GT,Latin America and the Caribbean,17.21666667,-89.61666667,https://whc.unesco.org/document/108036,Tikal National Park (Guatemala),https://whc.unesco.org/en/list/64
65,アンティグァ・グアテマラ,Antigua Guatemala,文化遺産,Guatemala,GT,Latin America and the Caribbean,14.556504,-90.73381,https://whc.unesco.org/document/121305,Antigua Guatemala (Guatemala),https://whc.unesco.org/en/list/65
71,恐竜州立自然公園,Dinosaur Provincial Park,自然遺産,Canada,CA,Europe and North America,50.76777778,-111.4922222,https://whc.unesco.org/document/108070,Dinosaur Provincial Park,https://whc.unesco.org/en/list/71
72,クルアーニー/ランゲル-セント・イライアス/グレーシャー・ベイ/タッチェンシニー-アルセク,Kluane / Wrangell-St. Elias / Glacier Bay / Tatshenshini-Alsek,自然遺産,"Canada,United States of America","CA, US",Europe and North America,61.19758333,-140.9919722,https://whc.unesco.org/document/131166,"Kluane / Wrangell-St. Elias / Glacier Bay / Tatshenshini-Alsek (Canada, United States of America)",https://whc.unesco.org/en/list/72
75,グランド・キャニオン国立公園,Grand Canyon National Park,自然遺産,United States of America,US,Europe and North America,36.10083333,-112.0905556,https://whc.unesco.org/document/108106,Grand Canyon National Park (United States of America),https://whc.unesco.org/en/list/75
76,エヴァグレーズ国立公園,Everglades National Park,自然遺産,United States of America,US,Europe and North America,25.55444444,-80.99638889,https://whc.unesco.org/document/108142,Everglades National Park (United States of America),https://whc.unesco.org/en/list/76
78,独立記念館,Independence Hall,文化遺産,United States of America,US,Europe and North America,39.94861111,-75.15,https://whc.unesco.org/document/126679,Independence Hall,https://whc.unesco.org/en/list/78
79,パフォス,Paphos,文化遺産,Cyprus,CY,Europe and North America,34.75833,32.40556,https://whc.unesco.org/document/108160,Paphos (Cyprus),https://whc.unesco.org/en/list/79
80,モン-サン-ミシェルとその湾,Mont-Saint-Michel and its Bay,文化遺産,France,FR,Europe and North America,48.63556,-1.51056,https://whc.unesco.org/document/120474,Mont-Saint-Michel and its Bay (France),https://whc.unesco.org/en/list/80
81,シャルトル大聖堂,Chartres Cathedral,文化遺産,France,FR,Europe and North America,48.4475,1.487222222,https://whc.unesco.org/document/108250,Chartres Cathedral (France),https://whc.unesco.org/en/list/81
83,ヴェルサイユの宮殿と庭園,Palace and Park of Versailles,文化遺産,France,FR,Europe and North America,48.805,2.119444444,https://whc.unesco.org/document/108336,Palace and Park of Versailles (France),https://whc.unesco.org/en/list/83
84,ヴェズレーの教会と丘,"Vézelay, Church and Hill",文化遺産,France,FR,Europe and North America,47.46638889,3.748333333,https://whc.unesco.org/document/121204,"Vézelay, Church and Hill (France)",https://whc.unesco.org/en/list/84
85,ヴェゼール渓谷の洞窟壁画群,Prehistoric Sites and Decorated Caves of the Vézère Valley,文化遺産,France,FR,Europe and North America,45.0575,1.17,https://whc.unesco.org/document/108425,Lascaux cave. Prehistoric Sites and Decorated Caves of the Vézère Valley (France),https://whc.unesco.org/en/list/85
86,メンフィスとその墓地遺跡-ギーザからダハシュールまでのピラミッド地帯,Memphis and its Necropolis – the Pyramid Fields from Giza to Dahshur,文化遺産,Egypt,EG,Arab States,29.97604,31.13041,https://whc.unesco.org/document/108485,Memphis and its Necropolis – the Pyramid Fields from Giza to Dahshur (Egypt),https://whc.unesco.org/en/list/86
87,古代都市テーベとその墓地遺跡,Ancient Thebes with its Necropolis,文化遺産,Egypt,EG,Arab States,25.73333,32.6,https://whc.unesco.org/document/108488,"Karnak Temple, entrance",https://whc.unesco.org/en/list/87
88,アブ・シンベルからフィラエまでのヌビア遺跡群,Nubian Monuments from Abu Simbel to Philae,文化遺産,Egypt,EG,Arab States,22.33722222,31.62580556,https://whc.unesco.org/document/108536,Ramses II temple,https://whc.unesco.org/en/list/88
89,歴史都市カイロ,Historic Cairo,文化遺産,Egypt,EG,Arab States,30.05,31.26111,https://whc.unesco.org/document/108599,"General View, mosques. Historic Cairo (Egypt)",https://whc.unesco.org/en/list/89
90,アブ・メナ,Abu Mena,文化遺産,Egypt,EG,Arab States,30.83583333,29.66666667,https://whc.unesco.org/document/131476,Abu Mena (Egypt),https://whc.unesco.org/en/list/90
91,ローマ歴史地区(フォロ・ロマーノ、アウグストゥスの霊廟、ハドリアヌスの霊廟、パンテオン、トラヤヌスの記念柱、マルクス・アウレリウスの記念柱、コロッセウムなどを含む)、教皇領とサン・パオロ・フォーリ・レ・ムーラ大聖堂,"Historic Centre of Rome, the Properties of the Holy See in that City Enjoying Extraterritorial Rights and San Paolo Fuori le Mura",文化遺産,"Italy,Holy See","IT, VA",Europe and North America,41.89022222,12.49230556,https://whc.unesco.org/document/131966,"Historic Centre of Rome, the Properties of the Holy See in that City Enjoying Extraterritorial Rights and San Paolo Fuori le Mura",https://whc.unesco.org/en/list/91
93,レオナルド・ダ・ヴィンチの「最後の晩餐」があるサンタ・マリア・デッレ・グラツィエ教会とドメニコ会修道院,Church and Dominican Convent of Santa Maria delle Grazie with “The Last Supper” by Leonardo da Vinci,文化遺産,Italy,IT,Europe and North America,45.466,9.171,https://whc.unesco.org/document/222605,Church and Dominican Convent of Santa Maria delle Grazie with “The Last Supper” by Leonardo da Vinci,https://whc.unesco.org/en/list/93
94,ヴァルカモニカの岩絵群,Rock Drawings in Valcamonica,文化遺産,Italy,IT,Europe and North America,45.95705556,10.29733333,https://whc.unesco.org/document/108748,Rock Drawings in Valcamonica (Italy),https://whc.unesco.org/en/list/94
95,ドゥブロヴニク旧市街,Old City of Dubrovnik,文化遺産,Croatia,HR,Europe and North America,42.64142111,18.10886111,https://whc.unesco.org/document/108767,Old City of Dubrovnik (Croatia),https://whc.unesco.org/en/list/95
96,スタリ・ラスとソポチャニ,Stari Ras and Sopoćani,文化遺産,Serbia,RS,Europe and North America,43.11889,20.42278,https://whc.unesco.org/document/218330,Stari Ras and Sopoćani - Monastery Sopoćani,https://whc.unesco.org/en/list/96
97,スプリットの史跡群とディオクレティアヌス宮殿,Historical Complex of Split with the Palace of Diocletian,文化遺産,Croatia,HR,Europe and North America,43.50888889,16.43916667,https://whc.unesco.org/document/124205,Historical Complex of Split with the Palace of Diocletian (Croatia),https://whc.unesco.org/en/list/97
98,プリトヴィッチェ湖群国立公園,Plitvice Lakes National Park,自然遺産,Croatia,HR,Europe and North America,44.87778,15.61444,https://whc.unesco.org/document/108856,Plitvice Lakes National Park (Croatia),https://whc.unesco.org/en/list/98
99,オフリド地域の自然遺産及び文化遺産,Natural and Cultural Heritage of the Ohrid region,複合遺産,"North Macedonia,Albania","MK, AL",Europe and North America,40.99183333,20.70416667,https://whc.unesco.org/document/108890,Natural and Cultural Heritage of the Ohrid region (North Macedonia),https://whc.unesco.org/en/list/99
100,ドゥルミトル国立公園,Durmitor National Park,自然遺産,Montenegro,ME,Europe and North America,43.133,19.0166,https://whc.unesco.org/document/222621,"Durmitor National Park, Crno jezero",https://whc.unesco.org/en/list/100
102,ベニ・ハンマド要塞,Al Qal'a of Beni Hammad,文化遺産,Algeria,DZ,Arab States,35.81844,4.78684,https://whc.unesco.org/document/108942,"The ruins of Al Qal'a of Beni Hammad, the first capital of the Hammadid emirs, founded in 1007 and demolished in 1152.",https://whc.unesco.org/en/list/102
111,,Bale Mountains National Park,自然遺産,Ethiopia,ET,Africa,6.797777778,39.74888889,https://whc.unesco.org/document/192164,The Sanetti Plateau in Bale Mountains,https://whc.unesco.org/en/list/111
113,チョガ・ザンビール,Tchogha Zanbil,文化遺産,Iran (Islamic Republic of),IR,Asia and the Pacific,32.00857,48.522118,https://whc.unesco.org/document/125557,Tchogha Zanbil,https://whc.unesco.org/en/list/113
114,ペルセポリス,Persepolis,文化遺産,Iran (Islamic Republic of),IR,Asia and the Pacific,29.93444,52.89028,https://whc.unesco.org/document/107874,Persepolis (Iran (Islamic Republic of)),https://whc.unesco.org/en/list/114
115,イスファハンのイマーム広場,"Meidan Emam, Esfahan",文化遺産,Iran (Islamic Republic of),IR,Asia and the Pacific,32.65745,51.67777778,https://whc.unesco.org/document/107913,"Meidan Emam, Esfahan (Iran (Islamic Republic of))",https://whc.unesco.org/en/list/115
116,ジェンネ旧市街,Old Towns of Djenné,文化遺産,Mali,ML,Africa,13.90639,-4.555,https://whc.unesco.org/document/107919,Old Towns of Djenné (Mali),https://whc.unesco.org/en/list/116
119,トンブクトゥ,Timbuktu,文化遺産,Mali,ML,Africa,16.77333333,-2.999444444,https://whc.unesco.org/document/107971,Timbuktu (Mali),https://whc.unesco.org/en/list/119
120,サガルマータ国立公園,Sagarmatha National Park,自然遺産,Nepal,NP,Asia and the Pacific,27.96528,86.91306,https://whc.unesco.org/document/107987,Sagarmatha National Park (Nepal),https://whc.unesco.org/en/list/120
121,カトマンズの谷,Kathmandu Valley,文化遺産,Nepal,NP,Asia and the Pacific,27.70395,85.30858,https://whc.unesco.org/document/108018,Kathmandu Valley (Nepal),https://whc.unesco.org/en/list/121
124,古都オウロ・プレト,Historic Town of Ouro Preto,文化遺産,Brazil,BR,Latin America and the Caribbean,-20.38888889,-43.50555556,https://whc.unesco.org/document/108037,"Colonial houses; City of Ouro Preto, State of Minas Gerais; Brazil; UNESCO World Heritage SiteMaisons coloniales; Ville de Ouro Preto; Etat de Minas Gerais; Brésil; Site du Patrimoine Mondial de l’UNESCOKolonialhäuser der Stadt Ouro Preto; Staat Minas Gerais; Brasilien; Welterbe UNESCO",https://whc.unesco.org/en/list/124
125,コトルの自然と文化-歴史地域,Natural and Culturo-Historical Region of Kotor,文化遺産,Montenegro,ME,Europe and North America,42.48333,18.7,https://whc.unesco.org/document/120458,Natural and Culturo-Historical Region of Kotor (Montenegro),https://whc.unesco.org/en/list/125
129,コパンのマヤ遺跡,Maya Site of Copan,文化遺産,Honduras,HN,Latin America and the Caribbean,14.85,-89.13333,https://whc.unesco.org/document/108084,Maya Site of Copan,https://whc.unesco.org/en/list/129
130,ハル・サフリエニ地下墳墓,Ħal Saflieni Hypogeum,文化遺産,Malta,MT,Europe and North America,35.86959,14.50688337,https://whc.unesco.org/document/108086,Hal Saflieni Hypogeum,https://whc.unesco.org/en/list/130
131,ヴァレッタ市街,City of Valletta,文化遺産,Malta,MT,Europe and North America,35.90056,14.51444,https://whc.unesco.org/document/222935,City of Valletta,https://whc.unesco.org/en/list/131
132,マルタの巨石神殿群,Megalithic Temples of Malta,文化遺産,Malta,MT,Europe and North America,36.04908,14.26947,https://whc.unesco.org/document/108126,"The Megalithic Temples of Malta, Hagar Qim",https://whc.unesco.org/en/list/132
134,レッドウッド国立及び州立公園,Redwood National and State Parks,自然遺産,United States of America,US,Europe and North America,41.37388889,-123.9980556,https://whc.unesco.org/document/108161,False Klamath,https://whc.unesco.org/en/list/134
135,パナマのカリブ海沿岸の要塞群:ポルトベロとサン・ロレンソ,Fortifications on the Caribbean Side of Panama: Portobelo-San Lorenzo,文化遺産,Panama,PA,Latin America and the Caribbean,9.553888889,-79.65583333,https://whc.unesco.org/document/108167,Fortifications on the Caribbean Side of Panama: Portobelo-San Lorenzo (Panama),https://whc.unesco.org/en/list/135
136,ガランバ国立公園,Garamba National Park,自然遺産,Democratic Republic of the Congo,CD,Africa,,,https://whc.unesco.org/document/225843,(Renomination 2026) Kordofan Giraffe,https://whc.unesco.org/en/list/136
137,カフジ-ビエガ国立公園,Kahuzi-Biega National Park,自然遺産,Democratic Republic of the Congo,CD,Africa,-2.334053,28.180743,https://whc.unesco.org/document/108207,Gorilla called Ninja. Kahuzi-Biega National Park (Democratic Republic of the Congo),https://whc.unesco.org/en/list/137
138,モヘンジョダロの遺跡群,Archaeological Ruins at Moenjodaro,文化遺産,Pakistan,PK,Asia and the Pacific,27.32916667,68.13888889,https://whc.unesco.org/document/108221,Archaeological Ruins at Moenjodaro (Pakistan),https://whc.unesco.org/en/list/138
139,タキシラ,Taxila,文化遺産,Pakistan,PK,Asia and the Pacific,33.77916667,72.8875,https://whc.unesco.org/document/118302,Taxila,https://whc.unesco.org/en/list/139
140,タフティ-バヒーの仏教遺跡群とサライ-バロールの近隣都市遺跡群,Buddhist Ruins of Takht-i-Bahi and Neighbouring City Remains at Sahr-i-Bahlol,文化遺産,Pakistan,PK,Asia and the Pacific,34.32083333,71.94583333,,,https://whc.unesco.org/en/list/140
143,タッターの文化財,"Historical Monuments at Makli, Thatta",文化遺産,Pakistan,PK,Asia and the Pacific,24.76666667,67.9,https://whc.unesco.org/document/108247,View of Nizam al-Din Tomb with polygon pavilion,https://whc.unesco.org/en/list/143
144,キルワ・キシワニとソンゴ・ムナラの遺跡群,Ruins of Kilwa Kisiwani and Ruins of Songo Mnara,文化遺産,United Republic of Tanzania,TZ,Africa,-8.95778,39.52278,https://whc.unesco.org/document/108311,Songo Mnara,https://whc.unesco.org/en/list/144
145,ロス・グラシアレス,Los Glaciares National Park,自然遺産,Argentina,AR,Latin America and the Caribbean,-50,-73.24944,https://whc.unesco.org/document/121618,Los Glaciares National Park (Argentina),https://whc.unesco.org/en/list/145
147,カカドゥ国立公園,Kakadu National Park,複合遺産,Australia,AU,Asia and the Pacific,-12.83333333,132.8333333,https://whc.unesco.org/document/120285,Kakadu National Park,https://whc.unesco.org/en/list/147
148,エルサレムの旧市街とその城壁群,Old City of Jerusalem and its Walls,文化遺産,Jerusalem (Site proposed by Jordan),,Arab States,31.77777778,35.23166667,https://whc.unesco.org/document/108356,Old City of Jerusalem and its Walls,https://whc.unesco.org/en/list/148
149,キリグアの遺跡公園と遺跡群,Archaeological Park and Ruins of Quirigua,文化遺産,Guatemala,GT,Latin America and the Caribbean,15.27059,-89.04025,https://whc.unesco.org/document/125398,Archaeological Park and Ruins of Quirigua,https://whc.unesco.org/en/list/149
150,マンモス・ケーヴ国立公園,Mammoth Cave National Park,自然遺産,United States of America,US,Europe and North America,37.18722222,-86.10305556,https://whc.unesco.org/document/108405,Mammoth Cave National Park,https://whc.unesco.org/en/list/150
151,オリンピック国立公園,Olympic National Park,自然遺産,United States of America,US,Europe and North America,47.74833333,-123.4488889,https://whc.unesco.org/document/108407,Olympic National Park,https://whc.unesco.org/en/list/151
153,ニオコロ-コバ国立公園,Niokolo-Koba National Park,自然遺産,Senegal,SN,Africa,13.011,-13.018,https://whc.unesco.org/document/131339,Niokolo-Koba National Park (Senegal),https://whc.unesco.org/en/list/153
154,グレート・バリア・リーフ,Great Barrier Reef,自然遺産,Australia,AU,Asia and the Pacific,-18.28611111,147.7,https://whc.unesco.org/document/108419,Great Barrier Reef (Australia),https://whc.unesco.org/en/list/154
155,ニンバ山厳正自然保護区,Mount Nimba Strict Nature Reserve,自然遺産,"Guinea,Côte d'Ivoire","GN, CI",Africa,7.60318,-8.39097,https://whc.unesco.org/document/183873,Mount Nimba,https://whc.unesco.org/en/list/155
156,セレンゲティ国立公園,Serengeti National Park,自然遺産,United Republic of Tanzania,TZ,Africa,-2.33333,34.56667,https://whc.unesco.org/document/108454,"Serengeti National Park (United Republic of Tanzania), Zebra",https://whc.unesco.org/en/list/156
157,スカン・グアイ(アンソニー島),S<U>G</U>ang Gwaay,文化遺産,Canada,CA,Europe and North America,52.095,-131.2202778,https://whc.unesco.org/document/108507,SGang Gwaay,https://whc.unesco.org/en/list/157
158,ヘッド-スマッシュト-イン・バッファロー・ジャンプ,Head-Smashed-In Buffalo Jump,文化遺産,Canada,CA,Europe and North America,49.70840556,-113.6520528,https://whc.unesco.org/document/119572,Head-Smashed-In Buffalo Jump,https://whc.unesco.org/en/list/158
159,ダリエン国立公園,Darien National Park,自然遺産,Panama,PA,Latin America and the Caribbean,7.736111111,-77.54722222,https://whc.unesco.org/document/108513,Darien National Park (Panama),https://whc.unesco.org/en/list/159
160,フォンテーヌブロー(フォンテンブロー)の宮殿と庭園,Palace and Park of Fontainebleau,文化遺産,France,FR,Europe and North America,48.40194444,2.698055556,https://whc.unesco.org/document/108521,Palace and Park of Fontainebleau (France),https://whc.unesco.org/en/list/160
162,アミアン大聖堂,Amiens Cathedral,文化遺産,France,FR,Europe and North America,49.895,2.301666667,https://whc.unesco.org/document/108547,Amiens Cathedral (France),https://whc.unesco.org/en/list/162
163,オランジュのローマ劇場とその周辺及び「凱旋門」,Roman Theatre and its Surroundings and the Triumphal Arch of Orange,文化遺産,France,FR,Europe and North America,44.13572222,4.808416667,https://whc.unesco.org/document/108576,Roman Theatre and its Surroundings and the Triumphal Arch of Orange (France),https://whc.unesco.org/en/list/163
164,アルル、ローマ遺跡とロマネスク様式建造物群,"Arles, Roman and Romanesque Monuments",文化遺産,France,FR,Europe and North America,43.67763889,4.630694444,https://whc.unesco.org/document/223264,"Arles, Roman and Romanesque Monuments - Saint-Trophime Church",https://whc.unesco.org/en/list/164
165,フォントネーのシトー会修道院,Cistercian Abbey of Fontenay,文化遺産,France,FR,Europe and North America,47.63944,4.38911,https://whc.unesco.org/document/108649,Cistercian Abbey of Fontenay (France),https://whc.unesco.org/en/list/165
166,シドニー・オペラハウス,Sydney Opera House,文化遺産,Australia,AU,Asia and the Pacific,-33.85666667,151.2152778,https://whc.unesco.org/document/108673,View from the air towards the south east. Sydney Opera House (Australia),https://whc.unesco.org/en/list/166
167,ウィランドラ湖群地域,Willandra Lakes Region,複合遺産,Australia,AU,Asia and the Pacific,-34,143,https://whc.unesco.org/document/118604,Willandra Lakes Region,https://whc.unesco.org/en/list/167
168,シュパイヤー大聖堂,Speyer Cathedral,文化遺産,Germany,DE,Europe and North America,49.31722222,8.442388889,https://whc.unesco.org/document/108714,Speyer Cathedral (Germany),https://whc.unesco.org/en/list/168
169,ヴュルツブルク司教館、その庭園群と広場,Würzburg Residence with the Court Gardens and Residence Square,文化遺産,Germany,DE,Europe and North America,49.79278,9.93889,https://whc.unesco.org/document/108739,Würzburg Residence with the Court Gardens and Residence Square (Germany),https://whc.unesco.org/en/list/169
170,フェス旧市街,Medina of Fez,文化遺産,Morocco,MA,Arab States,34.06111,-4.97778,https://whc.unesco.org/document/108782,Panoramic view,https://whc.unesco.org/en/list/170
171,ラホールの城塞とシャーリマール庭園,Fort and Shalamar Gardens in Lahore,文化遺産,Pakistan,PK,Asia and the Pacific,31.59027778,74.30972222,https://whc.unesco.org/document/122523,Fort and Shalamar Gardens in Lahore,https://whc.unesco.org/en/list/171
173,ザンジバル島のストーン・タウン,Stone Town of Zanzibar,文化遺産,United Republic of Tanzania,TZ,Africa,-6.16306,39.18917,https://whc.unesco.org/document/108828,Stone Town - Former Ishnashri Dispensary,https://whc.unesco.org/en/list/173
174,フィレンツェ歴史地区,Historic Centre of Florence,文化遺産,Italy,IT,Europe and North America,43.77306,11.25611,https://whc.unesco.org/document/108873,Historic Centre of Florence (Italy),https://whc.unesco.org/en/list/174
175,トスカーナのメディチ家の別荘と庭園,Medici Villas and Gardens in Tuscany,文化遺産,Italy,IT,Europe and North America,43.85777778,11.30416667,https://whc.unesco.org/document/197737,Medici Villas and Gardens in Tuscany (Italy),https://whc.unesco.org/en/list/175
179,タッシリ・ナジェール,Tassili n'Ajjer,複合遺産,Algeria,DZ,Arab States,25.5,9,https://whc.unesco.org/document/108937,Illizi,https://whc.unesco.org/en/list/179
180,国立歴史公園-シタデル、サン・スーシ、ラミエ,"National History Park – Citadel, Sans Souci, Ramiers",文化遺産,Haiti,HT,Latin America and the Caribbean,19.573025,-72.234268,https://whc.unesco.org/document/108939,"National History Park – Citadel, Sans Souci, Ramiers",https://whc.unesco.org/en/list/180
181,タスマニア原生地域,Tasmanian Wilderness,複合遺産,Australia,AU,Asia and the Pacific,-43.11847222,146.2305556,https://whc.unesco.org/document/108947,Tasmanian Wilderness (Australia),https://whc.unesco.org/en/list/181
183,レプティス・マグナの古代遺跡,Archaeological Site of Leptis Magna,文化遺産,Libya,LY,Arab States,32.63833,14.29306,https://whc.unesco.org/document/108957,Archaeological Site of Leptis Magna (Libya),https://whc.unesco.org/en/list/183
184,サブラータの古代遺跡,Archaeological Site of Sabratha,文化遺産,Libya,LY,Arab States,32.80528,12.485,https://whc.unesco.org/document/108983,Archaeological Site of Sabratha (Libya),https://whc.unesco.org/en/list/184
185,アルダブラ環礁,Aldabra Atoll,自然遺産,Seychelles,SC,Africa,-9.416666667,46.41666667,https://whc.unesco.org/document/108985,Aldabra Atoll (Seychelles),https://whc.unesco.org/en/list/185
186,ロード・ハウ諸島,Lord Howe Island Group,自然遺産,Australia,AU,Asia and the Pacific,-31.56555556,159.0883333,https://whc.unesco.org/document/108998,Lord Howe Island,https://whc.unesco.org/en/list/186
187,ヒルデスハイムの聖マリア大聖堂と聖ミカエル教会,St Mary's Cathedral and St Michael's Church at Hildesheim,文化遺産,Germany,DE,Europe and North America,52.15278,9.94389,https://whc.unesco.org/document/109002,St Mary's Cathedral and St Michael's Church at Hildesheim,https://whc.unesco.org/en/list/187
188,ムザブの谷,M'Zab Valley,文化遺産,Algeria,DZ,Arab States,32.48333,3.68333,https://whc.unesco.org/document/109005,M'Zab Valley,https://whc.unesco.org/en/list/188
189,オリンダ歴史地区,Historic Centre of the Town of Olinda,文化遺産,Brazil,BR,Latin America and the Caribbean,-8.013333333,-34.845,https://whc.unesco.org/document/120673,Historic Centre of the Town of Olinda,https://whc.unesco.org/en/list/189
190,クーリナ(キュレネ)の古代遺跡,Archaeological Site of Cyrene,文化遺産,Libya,LY,Arab States,32.825,21.85833,https://whc.unesco.org/document/109021,Archaeological Site of Cyrene (Libya),https://whc.unesco.org/en/list/190
191,ジェミラ,Djémila,文化遺産,Algeria,DZ,Arab States,36.32056,5.73667,https://whc.unesco.org/document/109038,"Situated 900 m above sea-level, Djémila, or Cuicul, with its forum, temples, basilicas, triumphal arches and houses, is an interesting example of Roman town planning adapted to a mountain location.",https://whc.unesco.org/en/list/191
192,シバームの旧城壁都市,Old Walled City of Shibam,文化遺産,Yemen,YE,Arab States,15.92694,48.62667,https://whc.unesco.org/document/109046,Old Walled City of Shibam (Yemen),https://whc.unesco.org/en/list/192
193,ティパサ,Tipasa,文化遺産,Algeria,DZ,Arab States,36.55,2.383333333,https://whc.unesco.org/document/109049,Tipasa (Algeria),https://whc.unesco.org/en/list/193
194,ティムガッド,Timgad,文化遺産,Algeria,DZ,Arab States,35.48416667,6.468861111,https://whc.unesco.org/document/109061,Timgad,https://whc.unesco.org/en/list/194
195,タイ国立公園,Taï National Park,自然遺産,Côte d'Ivoire,CI,Africa,5.648888889,-7.095277778,,,https://whc.unesco.org/en/list/195
196,リオ・プラタノ生物圏保護区,Río Plátano Biosphere Reserve,自然遺産,Honduras,HN,Latin America and the Caribbean,15.74444444,-84.675,https://whc.unesco.org/document/109062,Río Plátano Biosphere Reserve (Honduras),https://whc.unesco.org/en/list/196
198,カホキア墳丘群州立史跡,Cahokia Mounds State Historic Site,文化遺産,United States of America,US,Europe and North America,38.65861111,-90.06138889,https://whc.unesco.org/document/109065,Cahokia Mounds State Historic Site,https://whc.unesco.org/en/list/198
199,セルー・ゲーム・リザーブ,Selous Game Reserve,自然遺産,United Republic of Tanzania,TZ,Africa,-9,37.4,https://whc.unesco.org/document/109066,Selous Game Reserve (United Republic of Tanzania),https://whc.unesco.org/en/list/199
200,聖地アヌラーダプラ,Sacred City of Anuradhapura,文化遺産,Sri Lanka,LK,Asia and the Pacific,8.333333333,80.38333333,https://whc.unesco.org/document/136482,Sacred City of Anuradhapura,https://whc.unesco.org/en/list/200
201,古代都市ポロンナルワ,Ancient City of Polonnaruwa,文化遺産,Sri Lanka,LK,Asia and the Pacific,7.915833333,81.00055556,https://whc.unesco.org/document/109071,Ancient City of Polonnaruwa (Sri Lanka),https://whc.unesco.org/en/list/201
202,古代都市シギリヤ,Ancient City of Sigiriya,文化遺産,Sri Lanka,LK,Asia and the Pacific,7.95,80.75,https://whc.unesco.org/document/109090,Ancient City of Sigiriya (Sri Lanka),https://whc.unesco.org/en/list/202
203,サラン・レ・バンの大製塩所からアルケ-スナンの王立製塩所へ、オープン・パンによる塩の製造,"From the Great Saltworks of Salins-les-Bains to the Royal Saltworks of Arc-et-Senans, the Production of Open-pan Salt",文化遺産,France,FR,Europe and North America,46.9375,5.876388889,https://whc.unesco.org/document/109093,"From the Great Saltworks of Salins-les-Bains to the Royal Saltworks of Arc-et-Senans, the Production of Open-pan Salt (France)",https://whc.unesco.org/en/list/203
204,オールド・ハバナとその要塞群,Old Havana and its Fortification System,文化遺産,Cuba,CU,Latin America and the Caribbean,23.13333333,-82.35,https://whc.unesco.org/document/109115,Old Havana and its Fortification System (Cuba),https://whc.unesco.org/en/list/204
205,タラマンカ地方-ラ・アミスター保護区群/ラ・アミスター国立公園,Talamanca Range-La Amistad Reserves / La Amistad National Park,自然遺産,"Panama,Costa Rica","PA, CR",Latin America and the Caribbean,9.407083333,-82.93880556,https://whc.unesco.org/document/109133,"Talamanca Range-La Amistad Reserves / La Amistad National Park (Costa Rica, Panama)",https://whc.unesco.org/en/list/205
206,アゾレス諸島のアングラ・ド・エロイズモの町の中心地区,Central Zone of the Town of Angra do Heroismo in the Azores,文化遺産,Portugal,PT,Europe and North America,38.655,-27.22,https://whc.unesco.org/document/109139,Central Zone of the Town of Angra do Heroismo in the Azores,https://whc.unesco.org/en/list/206
208,バーミヤン渓谷の文化的景観と古代遺跡群,Cultural Landscape and Archaeological Remains of the Bamiyan Valley,文化遺産,Afghanistan,AF,Asia and the Pacific,34.84694,67.82525,https://whc.unesco.org/document/109141,General view of the Bamiyan Valley,https://whc.unesco.org/en/list/208
211,ジャムのミナレットと考古遺跡群,Minaret and Archaeological Remains of Jam,文化遺産,Afghanistan,AF,Asia and the Pacific,34.39641667,64.51588889,https://whc.unesco.org/document/119616,Minaret and Archaeological Remains of Jam,https://whc.unesco.org/en/list/211
216,リラ修道院,Rila Monastery,文化遺産,Bulgaria,BG,Europe and North America,42.133298,23.340187,https://whc.unesco.org/document/109164,Rila Monastery (Bulgaria),https://whc.unesco.org/en/list/216
217,古代都市ネセバル,Ancient City of Nessebar,文化遺産,Bulgaria,BG,Europe and North America,42.65911111,27.73602778,https://whc.unesco.org/document/122573,Ancient City of Nessebar (Bulgaria),https://whc.unesco.org/en/list/217
219,スレバルナ自然保護区,Srebarna Nature Reserve,自然遺産,Bulgaria,BG,Europe and North America,44.11444,27.07806,https://whc.unesco.org/document/109168,Srebarna Nature Reserve (Bulgaria),https://whc.unesco.org/en/list/219
225,ピリン国立公園,Pirin National Park,自然遺産,Bulgaria,BG,Europe and North America,41.74272222,23.43047222,https://whc.unesco.org/document/125520,Pirin National Park,https://whc.unesco.org/en/list/225
227,コモエ国立公園,Comoé National Park,自然遺産,Côte d'Ivoire,CI,Africa,9,-4,,,https://whc.unesco.org/en/list/227
228,アヴィニョン歴史地区:法王庁宮殿、司教関連建造物群及びアヴィニョン橋,"Historic Centre of Avignon: Papal Palace, Episcopal Ensemble and Avignon Bridge",文化遺産,France,FR,Europe and North America,43.95277778,4.806111111,https://whc.unesco.org/document/222657,"Historic Centre of Avignon: Papal Palace, Episcopal Ensemble and Avignon Bridge",https://whc.unesco.org/en/list/228
229,ナンシーのスタニスラス広場、カリエール広場及びアリアンス広場,"Place Stanislas, Place de la Carrière and Place d'Alliance in Nancy",文化遺産,France,FR,Europe and North America,48.69361111,6.183333333,https://whc.unesco.org/document/109191,"Place Stanislas, Place de la Carrière and Place d'Alliance in Nancy (France)",https://whc.unesco.org/en/list/229
230,サン-サヴァン・シュール・ガルタンプの修道院教会,Abbey Church of Saint-Savin sur Gartempe,文化遺産,France,FR,Europe and North America,46.56472,0.86611,https://whc.unesco.org/document/109205,Abbey Church of Saint-Savin sur Gartempe (France),https://whc.unesco.org/en/list/230
231,レッド・フォートの建造物群,Red Fort Complex,文化遺産,India,IN,Asia and the Pacific,28.65555556,77.24083333,https://whc.unesco.org/document/109222,"Diwan-i-Amm the buit, view of red sand stone colonnades.",https://whc.unesco.org/en/list/231
232,デリーのフマユーン廟,"Humayun's Tomb, Delhi",文化遺産,India,IN,Asia and the Pacific,28.59333,77.25056,https://whc.unesco.org/document/109239,"Humayun's Tomb, Delhi (India)",https://whc.unesco.org/en/list/232
233,デリーのクトゥブ・ミナールとその建造物群,"Qutb Minar and its Monuments, Delhi",文化遺産,India,IN,Asia and the Pacific,28.52583,77.18528,https://whc.unesco.org/document/109250,"Qutb Minar and its Monuments, Delhi (India)",https://whc.unesco.org/en/list/233
234,ゴアの教会群と修道院群,Churches and Convents of Goa,文化遺産,India,IN,Asia and the Pacific,15.50222,73.91167,https://whc.unesco.org/document/109264,Churches and Convents of Goa (India),https://whc.unesco.org/en/list/234
239,パッタダカルの建造物群,Group of Monuments at Pattadakal,文化遺産,India,IN,Asia and the Pacific,15.94833,75.81667,https://whc.unesco.org/document/109281,Group of Monuments at Pattadakal,https://whc.unesco.org/en/list/239
240,カジュラーホの建造物群,Khajuraho Group of Monuments,文化遺産,India,IN,Asia and the Pacific,24.85222,79.92222,https://whc.unesco.org/document/118910,Khajuraho Group of Monuments,https://whc.unesco.org/en/list/240
241,ハンピの建造物群,Group of Monuments at Hampi,文化遺産,India,IN,Asia and the Pacific,15.31444,76.47167,https://whc.unesco.org/document/109283,Group of Monuments at Hampi (India),https://whc.unesco.org/en/list/241
242,アジャンター石窟群,Ajanta Caves,文化遺産,India,IN,Asia and the Pacific,20.553111,75.70025,https://whc.unesco.org/document/109368,Ajanta Caves (India),https://whc.unesco.org/en/list/242
243,エローラ石窟群,Ellora Caves,文化遺産,India,IN,Asia and the Pacific,20.02639,75.17917,https://whc.unesco.org/document/109377,Ellora Caves (India),https://whc.unesco.org/en/list/243
244,エレファンタ石窟群,Elephanta Caves,文化遺産,India,IN,Asia and the Pacific,18.96667,72.93583,https://whc.unesco.org/document/109390,Elephanta Caves,https://whc.unesco.org/en/list/244
246,コナーラクの太陽神寺院,"Sun Temple, Konârak",文化遺産,India,IN,Asia and the Pacific,19.8875,86.09472,https://whc.unesco.org/document/125151,"Sun Temple, Konârak",https://whc.unesco.org/en/list/246
247,ラジャスタンの丘陵砦群,Hill Forts of Rajasthan,文化遺産,India,IN,Asia and the Pacific,24.88333333,74.64611111,https://whc.unesco.org/document/123515,Hill Forts of Rajasthan,https://whc.unesco.org/en/list/247
249,マハーバリプラムの建造物群,Group of Monuments at Mahabalipuram,文化遺産,India,IN,Asia and the Pacific,12.61667,80.19167,https://whc.unesco.org/document/109394,Group of Monuments at Mahabalipuram,https://whc.unesco.org/en/list/249
250,大チョーラ朝寺院群,Great Living Chola Temples,文化遺産,India,IN,Asia and the Pacific,10.78305556,79.1325,,,https://whc.unesco.org/en/list/250
251,アーグラ城塞,Agra Fort,文化遺産,India,IN,Asia and the Pacific,27.179806,78.021528,https://whc.unesco.org/document/116895,Agra Fort (India),https://whc.unesco.org/en/list/251
252,タージ・マハル,Taj Mahal,文化遺産,India,IN,Asia and the Pacific,27.17417,78.04222,https://whc.unesco.org/document/109419,Taj Mahal,https://whc.unesco.org/en/list/252
255,ファテープル・シークリー,Fatehpur Sikri,文化遺産,India,IN,Asia and the Pacific,27.097528,77.6665,https://whc.unesco.org/document/109424,"Diwan-i-Khas, Hall of private Audience of the Emperor Akbar, Fatehpur Sikri, Uttar Pradesh, India, UNESCO World Heritage Site
Diwan-i-Khas, Hall des audiences privées de l’Empereur Akbar, Fatehpur Sikri, Uttar Pradesh, Inde, Site du Patrimoine Mondial de l’UNESCO 
Diwan-i-Khas, Die private Audienzhalle, Fatehpur Sikri, Uttar Pradesh, Indien, Welterbe der UNESCO",https://whc.unesco.org/en/list/255
256,ウッド・バッファロー国立公園,Wood Buffalo National Park,自然遺産,Canada,CA,Europe and North America,59.35833333,-112.2933333,https://whc.unesco.org/document/133729,Wood Buffalo National Park,https://whc.unesco.org/en/list/256
258,ポルト湾:ピアナのカランケ、ジロラッタ湾、スカンドラ保護区,"Gulf of Porto: Calanche of Piana, Gulf of Girolata, Scandola Reserve",自然遺産,France,FR,Europe and North America,42.32519444,8.628833333,https://whc.unesco.org/document/109454,"Gulf of Porto: Calanche of Piana, Gulf of Girolata, Scandola Reserve (France)",https://whc.unesco.org/en/list/258
259,グレート・スモーキー山脈国立公園,Great Smoky Mountains National Park,自然遺産,United States of America,US,Europe and North America,35.59305556,-83.43555556,https://whc.unesco.org/document/109490,Great Smoky Mountains National Park,https://whc.unesco.org/en/list/259
260,サンガイ国立公園,Sangay National Park,自然遺産,Ecuador,EC,Latin America and the Caribbean,-1.83333,-78.33333,https://whc.unesco.org/document/109496,Sangay National Park,https://whc.unesco.org/en/list/260
261,メ渓谷自然保護区,Vallée de Mai Nature Reserve,自然遺産,Seychelles,SC,Africa,-4.331,55.738,https://whc.unesco.org/document/120052,Vallée de Mai Nature Reserve (Seychelles),https://whc.unesco.org/en/list/261
262,,Sanganeb Marine National Park and Dungonab Bay – Mukkawar Island Marine National Park,自然遺産,Sudan,SD,Arab States,19.73611111,37.44305556,https://whc.unesco.org/document/136074,Sanganeb reef,https://whc.unesco.org/en/list/262
263,リスボンのジェロニモス修道院とベレンの塔,Monastery of the Hieronymites and Tower of Belém in Lisbon,文化遺産,Portugal,PT,Europe and North America,38.69194,-9.21583,https://whc.unesco.org/document/109539,Monastery of the Hieronymites and Tower of Belém in Lisbon (Portugal),https://whc.unesco.org/en/list/263
264,バターリャの修道院,Monastery of Batalha,文化遺産,Portugal,PT,Europe and North America,39.65778,-8.82694,https://whc.unesco.org/document/109582,Monastery of Batalha (Portugal),https://whc.unesco.org/en/list/264
265,トマールのキリスト教修道院,Convent of Christ in Tomar,文化遺産,Portugal,PT,Europe and North America,39.60472,-8.4175,https://whc.unesco.org/document/109599,Convent of Christ in Tomar (Portugal),https://whc.unesco.org/en/list/265
266,プエルト・リコのラ・フォルタレサとサン・ファン史跡,La Fortaleza and San Juan National Historic Site in Puerto Rico,文化遺産,United States of America,US,Europe and North America,18.46666667,-66.125,https://whc.unesco.org/document/109626,La Fortaleza and San Juan National Historic Site in Puerto Rico,https://whc.unesco.org/en/list/266
267,ベルン旧市街,Old City of Berne,文化遺産,Switzerland,CH,Europe and North America,46.94806,7.45028,https://whc.unesco.org/document/131940,Old City of Berne (Switzerland),https://whc.unesco.org/en/list/267
268,ザンクト・ガレンの修道院,Abbey of St Gall,文化遺産,Switzerland,CH,Europe and North America,47.42333,9.37778,https://whc.unesco.org/document/109657,Abbey of St Gall (Switzerland),https://whc.unesco.org/en/list/268
269,ミュスタイルのベネディクト会聖ヨハネ修道院,Benedictine Convent of St John at Müstair,文化遺産,Switzerland,CH,Europe and North America,46.62945,10.44765,https://whc.unesco.org/document/218621,Benedictine Convent of St John at Müstair,https://whc.unesco.org/en/list/269
271,ヴィースの巡礼教会,Pilgrimage Church of Wies,文化遺産,Germany,DE,Europe and North America,47.68127778,10.90013889,https://whc.unesco.org/document/109671,Pilgrimage Church of Wies,https://whc.unesco.org/en/list/271
272,ハンザ同盟都市リューベック,Hanseatic City of Lübeck,文化遺産,Germany,DE,Europe and North America,53.86667,10.69167,https://whc.unesco.org/document/122304,Hanseatic City of Lübeck,https://whc.unesco.org/en/list/272
273,クスコ市街,City of Cuzco,文化遺産,Peru,PE,Latin America and the Caribbean,-13.517276,-71.980004,https://whc.unesco.org/document/209530,City of Cuzco - Temple of the Society of Jesus,https://whc.unesco.org/en/list/273
274,マチュ・ピチュの歴史保護区,Historic Sanctuary of Machu Picchu,複合遺産,Peru,PE,Latin America and the Caribbean,-13.184934,-72.533443,https://whc.unesco.org/document/209537,Historic Sanctuary of Machu Picchu,https://whc.unesco.org/en/list/274
275,グアラニーのイエズス会伝道施設群:サン・イグナシオ・ミニ、サンタ・アナ、ヌエストラ・セニョーラ・デ・ロレート、サンタ・マリア・ラ・マジョール(アルゼンチン)、サン・ミゲル・ダス・ミソオエス遺跡群(ブラジル),"Jesuit Missions of the Guaranis: San Ignacio Mini, Santa Ana, Nuestra Señora de Loreto and Santa Maria Mayor (Argentina), Ruins of Sao Miguel das Missoes (Brazil)",文化遺産,"Brazil,Argentina","BR, AR",Latin America and the Caribbean,-28.54333333,-54.26583333,https://whc.unesco.org/document/116737,"Ruins of the Jesuit reduction San Ignacio Mini, Church gate, Misiones Province, Argentina, South AmericaRuinen der Jesuitenreduktion San Ignacio Mini, Kirchentor, Misiones Provinz, Argentinien, Südamerika",https://whc.unesco.org/en/list/275
276,都市遺跡サーマッラー,Samarra Archaeological City,文化遺産,Iraq,IQ,Arab States,34.34098944,43.82354306,https://whc.unesco.org/document/109710,Samarra Archaeological City (Iraq),https://whc.unesco.org/en/list/276
277,ハトラ,Hatra,文化遺産,Iraq,IQ,Arab States,35.58806,42.71833,https://whc.unesco.org/document/109744,Hatra (Iraq),https://whc.unesco.org/en/list/277
278,,Babylon,文化遺産,Iraq,IQ,Arab States,32.54196944,44.42083333,https://whc.unesco.org/document/166726,Babylon. Processional Way North of Ishtar Gate,https://whc.unesco.org/en/list/278
280,サロンガ国立公園,Salonga National Park,自然遺産,Democratic Republic of the Congo,CD,Africa,-2,21,https://whc.unesco.org/document/109754,Salonga National Park (Democratic Republic of the Congo),https://whc.unesco.org/en/list/280
284,ロイヤル・チトワン国立公園,Chitwan National Park,自然遺産,Nepal,NP,Asia and the Pacific,27.5,84.33333,https://whc.unesco.org/document/109771,Chitwan National Park (Nepal),https://whc.unesco.org/en/list/284
285,カルタヘナの港、要塞群と建造物群,"Port, Fortresses and Group of Monuments, Cartagena",文化遺産,Colombia,CO,Latin America and the Caribbean,10.41666667,-75.53333333,https://whc.unesco.org/document/124332,"Port, Fortresses and Group of Monuments, Cartagena",https://whc.unesco.org/en/list/285
286,バチカン市国,Vatican City,文化遺産,Holy See,VA,Europe and North America,41.90216,12.45736,https://whc.unesco.org/document/109786,Vatican City (Holy See),https://whc.unesco.org/en/list/286
287,タドラット・アカクスのロック-アート遺跡群,Rock-Art Sites of Tadrart Acacus,文化遺産,Libya,LY,Arab States,24.83333,10.33333,https://whc.unesco.org/document/109810,Rock-Art Sites of Tadrart Acacus (Libya),https://whc.unesco.org/en/list/287
288,ブリュールのアウグストゥスブルク城と別邸ファルケンルスト,Castles of Augustusburg and Falkenlust at Brühl,文化遺産,Germany,DE,Europe and North America,50.82502778,6.909777778,https://whc.unesco.org/document/131582,Castles of Augustusburg and Falkenlust at Brühl,https://whc.unesco.org/en/list/288
289,マラウイ湖国立公園,Lake Malawi National Park,自然遺産,Malawi,MW,Africa,-14.03333,34.88333,https://whc.unesco.org/document/109871,Lake Malawi National Park (Malawi),https://whc.unesco.org/en/list/289
292,ケルン大聖堂,Cologne Cathedral,文化遺産,Germany,DE,Europe and North America,50.94111111,6.957222222,https://whc.unesco.org/document/131603,Cologne Cathedral (Germany),https://whc.unesco.org/en/list/292
293,アンジャル,Anjar,文化遺産,Lebanon,LB,Arab States,33.73194444,35.93333333,https://whc.unesco.org/document/109888,Anjar (Lebanon),https://whc.unesco.org/en/list/293
294,バールベック,Baalbek,文化遺産,Lebanon,LB,Arab States,34.00666667,36.20416667,https://whc.unesco.org/document/109916,Baalbek (Lebanon),https://whc.unesco.org/en/list/294
295,ビブロス,Byblos,文化遺産,Lebanon,LB,Arab States,34.11917,35.64555556,https://whc.unesco.org/document/109933,Byblos (Lebanon),https://whc.unesco.org/en/list/295
299,ティール,Tyre,文化遺産,Lebanon,LB,Arab States,33.26916667,35.19583333,https://whc.unesco.org/document/109941,Tyre (Lebanon),https://whc.unesco.org/en/list/299
300,ケベック歴史地区,Historic District of Old Québec,文化遺産,Canada,CA,Europe and North America,46.80944444,-71.21055556,https://whc.unesco.org/document/121179,Historic District of Old Québec (Canada),https://whc.unesco.org/en/list/300
302,マナ・プールズ国立公園、サピとチュウォールのサファリ地域,"Mana Pools National Park, Sapi and Chewore Safari Areas",自然遺産,Zimbabwe,ZW,Africa,-15.81944444,29.40805556,https://whc.unesco.org/document/109962,"Parc national de Mana Pools, aires de safari Sapi et Chewore",https://whc.unesco.org/en/list/302
303,イグアス国立公園(広域),Iguazu National Park,自然遺産,Argentina,AR,Latin America and the Caribbean,-25.577357,-54.286073,https://whc.unesco.org/document/121630,Iguazu National Park (Argentina),https://whc.unesco.org/en/list/303
304,カナディアン・ロッキー山脈自然公園群,Canadian Rocky Mountain Parks,自然遺産,Canada,CA,Europe and North America,51.42472222,-116.4797222,https://whc.unesco.org/document/119558,"Canadian Rocky Mountain Parks, Peyto Lake, Banff NP",https://whc.unesco.org/en/list/304
306,マトボの丘群,Matobo Hills,文化遺産,Zimbabwe,ZW,Africa,-20.5,28.5,https://whc.unesco.org/document/109988,Matobo Hills (Zimbabwe),https://whc.unesco.org/en/list/306
307,自由の女神像,Statue of Liberty,文化遺産,United States of America,US,Europe and North America,40.68944444,-74.04472222,https://whc.unesco.org/document/110019,Statue of Liberty (United States of America),https://whc.unesco.org/en/list/307
308,ヨセミテ国立公園,Yosemite National Park,自然遺産,United States of America,US,Europe and North America,37.74611111,-119.5966667,https://whc.unesco.org/document/110044,Yosemite National Park (United States of America),https://whc.unesco.org/en/list/308
309,サルヴァドール・デ・バイア歴史地区,Historic Centre of Salvador de Bahia,文化遺産,Brazil,BR,Latin America and the Caribbean,-12.972917,-38.512981,https://whc.unesco.org/document/125131,Historic Centre of Salvador de Bahia (Brazil),https://whc.unesco.org/en/list/309
310,アルタミラ洞窟と北スペインの旧石器時代の洞窟壁画,Cave of Altamira and Paleolithic Cave Art of Northern Spain,文化遺産,Spain,ES,Europe and North America,43.38252778,-4.116166667,https://whc.unesco.org/document/110113,Cave of Altamira and Paleolithic Cave Art of Northern Spain,https://whc.unesco.org/en/list/310
311,セゴビア旧市街とローマ水道橋,Old Town of Segovia and its Aqueduct,文化遺産,Spain,ES,Europe and North America,40.94847222,-4.11675,https://whc.unesco.org/document/110115,Cathedral,https://whc.unesco.org/en/list/311
312,オビエド歴史地区とアストゥリアス王国の建造物群,Monuments of Oviedo and the Kingdom of the Asturias,文化遺産,Spain,ES,Europe and North America,43.36262,-5.84303,https://whc.unesco.org/document/110142,Monuments of Oviedo and the Kingdom of the Asturias,https://whc.unesco.org/en/list/312
313,コルドバ歴史地区,Historic Centre of Cordoba,文化遺産,Spain,ES,Europe and North America,37.87919444,-4.779722222,https://whc.unesco.org/document/110144,Historic Centre of Cordoba,https://whc.unesco.org/en/list/313
314,グラナダのアルハンブラ、ヘネラリーフェ、アルバイシン地区,"Alhambra, Generalife and Albayzín, Granada",文化遺産,Spain,ES,Europe and North America,37.17677778,-3.589916667,https://whc.unesco.org/document/121658,"Alhambra, Generalife and Albayzín, Granada (Spain)",https://whc.unesco.org/en/list/314
316,ブルゴス大聖堂,Burgos Cathedral,文化遺産,Spain,ES,Europe and North America,42.34073333,-3.704011111,https://whc.unesco.org/document/110204,Burgos Cathedral (Spain),https://whc.unesco.org/en/list/316
318,マドリードのエル・エスコリアル修道院とその遺跡,"Monastery and Site of the Escurial, Madrid",文化遺産,Spain,ES,Europe and North America,40.58911111,-4.14775,https://whc.unesco.org/document/110223,"Monastery and Site of the Escurial, Madrid (Spain)",https://whc.unesco.org/en/list/318
320,アントニ・ガウディの作品群,Works of Antoni Gaudí,文化遺産,Spain,ES,Europe and North America,41.41338,2.152972,https://whc.unesco.org/document/110247,Works of Antoni Gaudí (Spain),https://whc.unesco.org/en/list/320
321,バゲルハットのモスク都市,Historic Mosque City of Bagerhat,文化遺産,Bangladesh,BD,Asia and the Pacific,22.66667,89.8,https://whc.unesco.org/document/131017,Historic Mosque City of Bagerhat,https://whc.unesco.org/en/list/321
322,パハルプールの仏教寺院遺跡群,Ruins of the Buddhist Vihara at Paharpur,文化遺産,Bangladesh,BD,Asia and the Pacific,25.03333333,88.98333333,https://whc.unesco.org/document/124866,Ruins of the Buddhist Vihara at Paharpur,https://whc.unesco.org/en/list/322
323,アボメイの王宮群,Royal Palaces of Abomey,文化遺産,Benin,BJ,Africa,7.183333333,1.983333333,https://whc.unesco.org/document/120909,Royal Palaces of Abomey,https://whc.unesco.org/en/list/323
326,ペトラ,Petra,文化遺産,Jordan,JO,Arab States,30.33056,35.44333,https://whc.unesco.org/document/120425,Petra (Jordan),https://whc.unesco.org/en/list/326
327,アムラ城,Quseir Amra,文化遺産,Jordan,JO,Arab States,31.80180556,36.58730556,https://whc.unesco.org/document/110372,Quseir Amra (Jordan),https://whc.unesco.org/en/list/327
330,チャビン(古代遺跡),Chavin (Archaeological Site),文化遺産,Peru,PE,Latin America and the Caribbean,-9.592772544,-77.1784535,https://whc.unesco.org/document/209539,Chavin (Archaeological Site) - Building A (Night view),https://whc.unesco.org/en/list/330
331,マラケシ旧市街,Medina of Marrakesh,文化遺産,Morocco,MA,Arab States,31.63139,-7.98667,https://whc.unesco.org/document/110419,Medina of Marrakesh (Morocco),https://whc.unesco.org/en/list/331
332,ケルクアンの古代カルタゴの町とその墓地遺跡,Punic Town of Kerkuane and its Necropolis,文化遺産,Tunisia,TN,Arab States,36.94639,11.09917,https://whc.unesco.org/document/110467,Punic Town of Kerkuane and its Necropolis (Tunisia),https://whc.unesco.org/en/list/332
333,ワスカラン国立公園,Huascarán National Park,自然遺産,Peru,PE,Latin America and the Caribbean,-9.33333,-77.4,https://whc.unesco.org/document/209544,"Huascarán National Park - Huascaran snow-capped mountain. Cordillera Blanca, Yungay, Ancash.",https://whc.unesco.org/en/list/333
334,ボン・ジェズス・ド・コンゴーニャスの聖所,Sanctuary of Bom Jesus do Congonhas,文化遺産,Brazil,BR,Latin America and the Caribbean,-20.508201,-43.860806,https://whc.unesco.org/document/110471,"Santuario de Bom Jesus de Matosinhos in the city of Congonhas, state of Minas Gerais, Brazil; Masterpiece of artist Aleijadinho (1738-1814); UNESCO World Heritage site;
Santuario de Bom Jesus de Matosinhos dans la ville de Congonhas, état de Minas Gerais, Brésil; Pièce maitresse de l’artiste Aleijadinho (1738-1814); Site du Patrimoine mondial de l’UNESCO; 
Santuario de Bom Jesus de Matosinhos in der Kolonialstadt Congonhas, Staat Minas Gerais, Brasilien; Meisterwerk des Artisten Aleijadinho (1738-1814); Welterbe UNESCO;",https://whc.unesco.org/en/list/334
335,ナンダ・デヴィ国立公園及び花の谷国立公園,Nanda Devi and Valley of Flowers National Parks,自然遺産,India,IN,Asia and the Pacific,30.71667,79.66667,,,https://whc.unesco.org/en/list/335
337,カジランガ国立公園,Kaziranga National Park,自然遺産,India,IN,Asia and the Pacific,26.66666667,93.41666667,https://whc.unesco.org/document/110489,"Wild Asian, Asiatic Elephants and Indian or Great One-horned Rhinoceros  in the swamp, Kaziranga national park, Assam, India,
Elephas maximus, Elephantidae family, Proboscidea Order,  Rhinoceros unicornis, Rhinocerotidae family, Perissodactyla Order
Eléphants d'Asie sauvage et Rhinocéros indien dans les marais, Parc national de Kaziranga, Assam, Inde
Asiatische oder Indische Elefanten und  Panzernashorn im Moor, Kaziranga Nationalpark, Assam, Indien",https://whc.unesco.org/en/list/337
338,マナス野生生物保護区,Manas Wildlife Sanctuary,自然遺産,India,IN,Asia and the Pacific,26.725,91.03055556,https://whc.unesco.org/document/110508,Manas Wildlife Sanctuary (India),https://whc.unesco.org/en/list/338
340,ケオラデオ国立公園,Keoladeo National Park,自然遺産,India,IN,Asia and the Pacific,27.15888889,77.50861111,https://whc.unesco.org/document/110540,"Sarus Crane, Grus antigone, Gruidae family, Gruiformes order, Keoladeo Ghana National Park, Bharatpur, Rajasthan, India",https://whc.unesco.org/en/list/340
344,ポン・デュ・ガール(ローマの水道橋),Pont du Gard (Roman Aqueduct),文化遺産,France,FR,Europe and North America,43.94722222,4.535277778,https://whc.unesco.org/document/131547,Pont du Gard (Roman Aqueduct) (France),https://whc.unesco.org/en/list/344
345,歴史的城塞都市カルカッソンヌ,Historic Fortified City of Carcassonne,文化遺産,France,FR,Europe and North America,43.2070631,2.3636562,https://whc.unesco.org/document/110588,Historic Fortified City of Carcassonne (France),https://whc.unesco.org/en/list/345
347,サンティアゴ・デ・コンポステーラ(旧市街),Santiago de Compostela (Old Town),文化遺産,Spain,ES,Europe and North America,42.88076,-8.54468,https://whc.unesco.org/document/110626,Cathedral and the town,https://whc.unesco.org/en/list/347
348,アービラの旧市街と城壁外の教会群,Old Town of Ávila with its Extra-Muros Churches,文化遺産,Spain,ES,Europe and North America,40.65645,-4.70012,https://whc.unesco.org/document/110632,Old Town of Ávila with its Extra-Muros Churches (Spain),https://whc.unesco.org/en/list/348
351,トロードス地方の壁画教会群,Painted Churches in the Troodos Region,文化遺産,Cyprus,CY,Europe and North America,34.92027778,33.09583333,https://whc.unesco.org/document/110681,Painted Churches in the Troodos Region (Cyprus),https://whc.unesco.org/en/list/351
352,アルタの岩絵群,Rock Art of Alta,文化遺産,Norway,NO,Europe and North America,69.95,23.18333,https://whc.unesco.org/document/110682,Rock Art of Alta (Norway),https://whc.unesco.org/en/list/352
353,チャコ文化,Chaco Culture,文化遺産,United States of America,US,Europe and North America,36.06377778,-107.9708333,https://whc.unesco.org/document/110691,Chaco Culture (United States of America). retouched/Q.C.  CWL8200 Scanner,https://whc.unesco.org/en/list/353
354,ウォータートン・グレーシャー国際平和自然公園,Waterton Glacier International Peace Park,自然遺産,"Canada,United States of America","CA, US",Europe and North America,48.99605556,-113.9041667,https://whc.unesco.org/document/110695,Waterton Glacier International Peace Park,https://whc.unesco.org/en/list/354
355,イグアス国立公園,Iguaçu National Park,自然遺産,Brazil,BR,Latin America and the Caribbean,-25.44814722,-53.80014444,https://whc.unesco.org/document/110697,Iguaçu National Park (Brazil),https://whc.unesco.org/en/list/355
356,イスタンブール歴史地域,Historic Areas of Istanbul,文化遺産,Türkiye,TR,Europe and North America,41.00847,28.97993,https://whc.unesco.org/document/131678,Historic Areas of Istanbul (Turkey),https://whc.unesco.org/en/list/356
357,ギョレメ国立公園とカッパドキアの岩窟群,Göreme National Park and the Rock Sites of Cappadocia,複合遺産,Türkiye,TR,Europe and North America,38.66667,34.85,https://whc.unesco.org/document/131572,Göreme National Park and the Rock Sites of Cappadocia (Turkey),https://whc.unesco.org/en/list/357
358,ディヴリーイの大モスクと病院,Great Mosque and Hospital of Divriği,文化遺産,Türkiye,TR,Europe and North America,39.371271,38.121826,https://whc.unesco.org/document/129289,Great Mosque and Hospital of Divriği,https://whc.unesco.org/en/list/358
359,スヴェシュタリのトラキア人の墳墓,Thracian Tomb of Sveshtari,文化遺産,Bulgaria,BG,Europe and North America,43.74491667,26.76652778,https://whc.unesco.org/document/110783,Thracian Tomb of Sveshtari,https://whc.unesco.org/en/list/359
361,エヴォラ歴史地区,Historic Centre of Évora,文化遺産,Portugal,PT,Europe and North America,38.57306,-7.90778,https://whc.unesco.org/document/119234,Historic Centre of Évora (Portugal),https://whc.unesco.org/en/list/361
362,ガダーミスの旧市街,Old Town of Ghadamès,文化遺産,Libya,LY,Arab States,30.13333333,9.5,https://whc.unesco.org/document/110811,Old Town of Ghadamès (Libya),https://whc.unesco.org/en/list/362
364,大ジンバブエ国立記念物,Great Zimbabwe National Monument,文化遺産,Zimbabwe,ZW,Africa,-20.27116995,30.93326897,https://whc.unesco.org/document/110873,Great Zimbabwe National Monument (Zimbabwe),https://whc.unesco.org/en/list/364
365,カミ遺跡群国立記念物,Khami Ruins National Monument,文化遺産,Zimbabwe,ZW,Africa,-20.15833333,28.37666667,https://whc.unesco.org/document/124419,Khami Ruins National Monument,https://whc.unesco.org/en/list/365
366,チャン・チャン遺跡地帯,Chan Chan Archaeological Zone,文化遺産,Peru,PE,Latin America and the Caribbean,-8.107836,-79.074737,https://whc.unesco.org/document/209553,Chan Chan Archaeological Zone - Panoramic view of the Velarde Palace.,https://whc.unesco.org/en/list/366
367,トリーアのローマ遺跡群、聖ペテロ大聖堂及び聖母マリア教会,"Roman Monuments, Cathedral of St Peter and Church of Our Lady in Trier",文化遺産,Germany,DE,Europe and North America,49.75,6.633333333,https://whc.unesco.org/document/121364,"Roman Monuments, Cathedral of St Peter and Church of Our Lady in Trier (Germany)",https://whc.unesco.org/en/list/367
368,オーストラリアのゴンドワナ雨林,Gondwana Rainforests of Australia,自然遺産,Australia,AU,Asia and the Pacific,-28.25,150.05,https://whc.unesco.org/document/110923,Gondwana rainforests,https://whc.unesco.org/en/list/368
369,ジャイアンツ・コーズウェーとコーズウェー海岸,Giant's Causeway and Causeway Coast,自然遺産,United Kingdom of Great Britain and Northern Ireland,GB,Europe and North America,55.24083333,-6.511666667,https://whc.unesco.org/document/110929,Giant's Causeway and Causeway Coast,https://whc.unesco.org/en/list/369
370,ダラム城と大聖堂,Durham Castle and Cathedral,文化遺産,United Kingdom of Great Britain and Northern Ireland,GB,Europe and North America,54.77472222,-1.576111111,https://whc.unesco.org/document/110939,Durham Castle and Cathedral (United Kingdom of Great Britain and Northern Ireland),https://whc.unesco.org/en/list/370
371,アイアンブリッジ峡谷,Ironbridge Gorge,文化遺産,United Kingdom of Great Britain and Northern Ireland,GB,Europe and North America,52.62638889,-2.472777778,https://whc.unesco.org/document/126743,Ironbridge Gorge,https://whc.unesco.org/en/list/371
372,ファウンティンズ修道院遺跡群を含むスタッドリー王立公園,Studley Royal Park including the Ruins of Fountains Abbey,文化遺産,United Kingdom of Great Britain and Northern Ireland,GB,Europe and North America,54.11611111,-1.573055556,https://whc.unesco.org/document/169842,"Studley Royal Park including the Ruins of Fountains Abbey.
St Mary's Church in Spring, on grounds of Fountains Abbey and Studley Royal Water Garden, North Yorkshire. Designed by William Burges in 1870, the gothic style church was furnished and decorated by craftsmen who worked to his exacting specifications.",https://whc.unesco.org/en/list/372
373,ストーンヘンジ、エーヴベリーと関連する遺跡群,"Stonehenge, Avebury and Associated Sites",文化遺産,United Kingdom of Great Britain and Northern Ireland,GB,Europe and North America,51.17888889,-1.825277778,https://whc.unesco.org/document/110977,"Stonehenge, Avebury and Associated Sites (United Kingdom of Great Britain and Northern Ireland)",https://whc.unesco.org/en/list/373
374,グウィネズのエドワード1世の城群と市壁群,Castles and Town Walls of King Edward in Gwynedd,文化遺産,United Kingdom of Great Britain and Northern Ireland,GB,Europe and North America,53.13972222,-4.276944444,https://whc.unesco.org/document/110993,"Caernarfon castle, Castles and Town Walls of King Edward in Gwynedd",https://whc.unesco.org/en/list/374
377,ハットゥシャ :ヒッタイトの首都,Hattusha: the Hittite Capital,文化遺産,Türkiye,TR,Europe and North America,40.01389,34.62056,https://whc.unesco.org/document/110995,Hattusha: the Hittite Capital (Turkey),https://whc.unesco.org/en/list/377
378,アラゴン州のムデハル様式建造物,Mudejar Architecture of Aragon,文化遺産,Spain,ES,Europe and North America,40.34389,-1.10722,https://whc.unesco.org/document/127280,Mudejar Architecture of Aragon,https://whc.unesco.org/en/list/378
379,古都トレド,Historic City of Toledo,文化遺産,Spain,ES,Europe and North America,39.85694444,-4.024444444,https://whc.unesco.org/document/139001,Historic City of Toledo,https://whc.unesco.org/en/list/379
380,ガラホナイ国立公園,Garajonay National Park,自然遺産,Spain,ES,Europe and North America,28.12625,-17.23722222,https://whc.unesco.org/document/111070,Garajonay National Park,https://whc.unesco.org/en/list/380
381,サラマンカ旧市街,Old City of Salamanca,文化遺産,Spain,ES,Europe and North America,40.96525,-5.6645,https://whc.unesco.org/document/111072,Old City of Salamanca (Spain),https://whc.unesco.org/en/list/381
383,セヴィリア(セビージャ)の大聖堂、アルカサルとインディアス古文書館,"Cathedral, Alcázar and Archivo de Indias in Seville",文化遺産,Spain,ES,Europe and North America,37.38384,-5.99155,https://whc.unesco.org/document/223027,"Cathedral, Alcázar and Archivo de Indias in Seville",https://whc.unesco.org/en/list/383
384,カーセレスの旧市街,Old Town of Cáceres,文化遺産,Spain,ES,Europe and North America,39.47444,-6.37,https://whc.unesco.org/document/111096,Old Town of Cáceres,https://whc.unesco.org/en/list/384
385,サナア旧市街,Old City of Sana'a,文化遺産,Yemen,YE,Arab States,15.35555556,44.20805556,https://whc.unesco.org/document/111131,Old City of Sana'a (Yemen),https://whc.unesco.org/en/list/385
387,セント・キルダ,St Kilda,複合遺産,United Kingdom of Great Britain and Northern Ireland,GB,Europe and North America,57.81722222,-8.576666667,https://whc.unesco.org/document/138175,"St Kilda, United Kingdom",https://whc.unesco.org/en/list/387
389,ストゥデニツァ修道院,Studenica Monastery,文化遺産,Serbia,RS,Europe and North America,43.48652778,20.53166667,https://whc.unesco.org/document/218398,Studenica Monastery,https://whc.unesco.org/en/list/389
390,シュコツィアン洞窟群,Škocjan Caves,自然遺産,Slovenia,SI,Europe and North America,45.66667,14,https://whc.unesco.org/document/123416,Škocjan Caves,https://whc.unesco.org/en/list/390
392,バッサイのアポロ・エピクリオス神殿,Temple of Apollo Epicurius at Bassae,文化遺産,Greece,GR,Europe and North America,37.43498,21.89694,https://whc.unesco.org/document/111174,Temple of Apollo Epicurius at Bassae,https://whc.unesco.org/en/list/392
393,デルフィの古代遺跡,Archaeological Site of Delphi,文化遺産,Greece,GR,Europe and North America,38.48149,22.49617,https://whc.unesco.org/document/111176,Archaeological Site of Delphi,https://whc.unesco.org/en/list/393
394,ヴェネツィアとその潟,Venice and its Lagoon,文化遺産,Italy,IT,Europe and North America,45.43430556,12.33894444,https://whc.unesco.org/document/111220,Dukes Palace,https://whc.unesco.org/en/list/394
395,ピサのドゥオモ広場,"Piazza del Duomo, Pisa",文化遺産,Italy,IT,Europe and North America,43.72305556,10.39638889,https://whc.unesco.org/document/111283,"Piazza del Duomo, Pisa (Italy)",https://whc.unesco.org/en/list/395
398,デル・モンテ城,Castel del Monte,文化遺産,Italy,IT,Europe and North America,41.08480556,16.27094444,https://whc.unesco.org/document/117962,Castel del Monte (Italy),https://whc.unesco.org/en/list/398
400,ドナウ河岸、ブダ城地区及びアンドラーシ通りを含むブダペスト,"Budapest, including the Banks of the Danube, the Buda Castle Quarter and Andrássy Avenue",文化遺産,Hungary,HU,Europe and North America,47.48242,19.07067,https://whc.unesco.org/document/223042,"Budapest, including the Banks of the Danube, the Buda Castle Quarter and Andrássy Avenue",https://whc.unesco.org/en/list/400
401,ホローケーの古村落とその周辺地区,Old Village of Hollókő and its Surroundings,文化遺産,Hungary,HU,Europe and North America,47.99444,19.52917,https://whc.unesco.org/document/131029,Old Village of Hollókő and its Surroundings,https://whc.unesco.org/en/list/401
402,マヌー国立公園,Manú National Park,自然遺産,Peru,PE,Latin America and the Caribbean,-12.25,-71.75,https://whc.unesco.org/document/124245,On the Manu River,https://whc.unesco.org/en/list/402
403,キリマンジャロ国立公園,Kilimanjaro National Park,自然遺産,United Republic of Tanzania,TZ,Africa,-3.06667,37.36667,https://whc.unesco.org/document/111360,Kilimanjaro National Park (United Republic of Tanzania),https://whc.unesco.org/en/list/403
404,アテネのアクロポリス,"Acropolis, Athens",文化遺産,Greece,GR,Europe and North America,37.97087,23.72618,https://whc.unesco.org/document/111380,"Acropolis, Athens (Greece)",https://whc.unesco.org/en/list/404
405,シンハラジャ森林保護区,Sinharaja Forest Reserve,自然遺産,Sri Lanka,LK,Asia and the Pacific,6.416666667,80.5,https://whc.unesco.org/document/136492,Sinharaja Forest Reserve,https://whc.unesco.org/en/list/405
407,ジャー動物保護区,Dja Faunal Reserve,自然遺産,Cameroon,CM,Africa,3.125,12.983,https://whc.unesco.org/document/109441,Dja Faunal Reserve (Cameroon),https://whc.unesco.org/en/list/407
409,ハワイ火山国立公園,Hawaii Volcanoes National Park,自然遺産,United States of America,US,Europe and North America,19.40083333,-155.1236111,https://whc.unesco.org/document/124828,Hawaii Volcanoes National Park,https://whc.unesco.org/en/list/409
410,シアン・カアン,Sian Ka'an,自然遺産,Mexico,MX,Latin America and the Caribbean,19.38333,-87.79167,https://whc.unesco.org/document/109455,Sian Ka'an,https://whc.unesco.org/en/list/410
411,古代都市パレンケと国立公園,Pre-Hispanic City and National Park of Palenque,文化遺産,Mexico,MX,Latin America and the Caribbean,17.48333,-92.05,https://whc.unesco.org/document/109465,Pre-Hispanic City and National Park of Palenque (Mexico),https://whc.unesco.org/en/list/411
412,メキシコ・シティ歴史地区とソチミルコ,Historic Centre of Mexico City and Xochimilco,文化遺産,Mexico,MX,Latin America and the Caribbean,19.41833,-99.13278,https://whc.unesco.org/document/109489,Palacio de Bellas Artes,https://whc.unesco.org/en/list/412
414,古代都市テオティワカン,Pre-Hispanic City of Teotihuacan,文化遺産,Mexico,MX,Latin America and the Caribbean,19.69167,-98.84167,https://whc.unesco.org/document/109499,Pyramid of the Sun,https://whc.unesco.org/en/list/414
415,オアハカ歴史地区とモンテ・アルバンの古代遺跡,Historic Centre of Oaxaca and Archaeological Site of Monte Albán,文化遺産,Mexico,MX,Latin America and the Caribbean,17.061579,-96.725885,https://whc.unesco.org/document/109523,Historic Centre of Oaxaca and Archaeological Site of Monte Albán (Mexico),https://whc.unesco.org/en/list/415
416,プエブラ歴史地区,Historic Centre of Puebla,文化遺産,Mexico,MX,Latin America and the Caribbean,19.045967,-98.197769,https://whc.unesco.org/document/109532,Historic Centre of Puebla (Mexico),https://whc.unesco.org/en/list/416
417,イビサ、生物多様性と文化,"Ibiza, Biodiversity and Culture",複合遺産,Spain,ES,Europe and North America,38.91113889,1.435194444,https://whc.unesco.org/document/109541,"Ibiza, Biodiversity and Culture",https://whc.unesco.org/en/list/417
419,グロス・モーン国立公園,Gros Morne National Park,自然遺産,Canada,CA,Europe and North America,49.6125,-57.53138889,https://whc.unesco.org/document/133818,Gros Morne National Park,https://whc.unesco.org/en/list/419
420,ポトシ市街,City of Potosí,文化遺産,Bolivia (Plurinational State of),BO,Latin America and the Caribbean,-19.599112,-65.749813,https://whc.unesco.org/document/109550,City of Potosí (Bolivia (Plurinational State of)),https://whc.unesco.org/en/list/420
421,トンガリロ国立公園,Tongariro National Park,複合遺産,New Zealand,NZ,Asia and the Pacific,-39.29083333,175.5622222,https://whc.unesco.org/document/109551,Tongariro National Park (New Zealand),https://whc.unesco.org/en/list/421
422,,The English Lake District,文化遺産,United Kingdom of Great Britain and Northern Ireland,GB,Europe and North America,54.47661111,-3.082416667,https://whc.unesco.org/document/158949,Wastwater from north east,https://whc.unesco.org/en/list/422
425,ブレナム宮殿,Blenheim Palace,文化遺産,United Kingdom of Great Britain and Northern Ireland,GB,Europe and North America,51.84194444,-1.361388889,https://whc.unesco.org/document/109589,Blenheim Palace,https://whc.unesco.org/en/list/425
426,ウェストミンスター宮殿、ウェストミンスター大寺院及び聖マーガレット教会,Palace of Westminster and Westminster Abbey including Saint Margaret’s Church,文化遺産,United Kingdom of Great Britain and Northern Ireland,GB,Europe and North America,51.499,-0.127,https://whc.unesco.org/document/109598,Palace of Westminster and Westminster Abbey including Saint Margaret’s Church (United Kingdom of Great Britain and Northern Ireland),https://whc.unesco.org/en/list/426
428,バース市街,City of Bath,文化遺産,United Kingdom of Great Britain and Northern Ireland,GB,Europe and North America,51.38130556,-2.359055556,https://whc.unesco.org/document/109627,Roman Baths,https://whc.unesco.org/en/list/428
429,ニュー・ラナーク,New Lanark,文化遺産,United Kingdom of Great Britain and Northern Ireland,GB,Europe and North America,55.66333333,-3.783055556,https://whc.unesco.org/document/195324,"New Lanark, Mill One and Water Houses",https://whc.unesco.org/en/list/429
430,ローマ帝国の国境線,Frontiers of the Roman Empire,文化遺産,"United Kingdom of Great Britain and Northern Ireland,Germany","GB, DE",Europe and North America,54.99261111,-2.601,,,https://whc.unesco.org/en/list/430
433,バハラ城塞,Bahla Fort,文化遺産,Oman,OM,Arab States,22.96417,57.30111,https://whc.unesco.org/document/109729,Bahla Fort (Oman),https://whc.unesco.org/en/list/433
434,バット、アル-フトゥム、アル-アインの古代遺跡群,"Archaeological Sites of Bat, Al-Khutm and Al-Ayn",文化遺産,Oman,OM,Arab States,23.26986,56.745,https://whc.unesco.org/document/109731,"Archaeological Sites of Bat, Al-Khutm and Al-Ayn (Oman)",https://whc.unesco.org/en/list/434
437,泰山(タイシャン),Mount Taishan,複合遺産,China,CN,Asia and the Pacific,36.26667,117.1,https://whc.unesco.org/document/109743,Sacred Mount Tai,https://whc.unesco.org/en/list/437
438,万里(ワンリー)の長城(チャンチョン),The Great Wall,文化遺産,China,CN,Asia and the Pacific,40.41667,116.08333,https://whc.unesco.org/document/209050,The Great Wall,https://whc.unesco.org/en/list/438
439,北京(ベイジン)と瀋陽(シェンヤン)の明(ミン)・清(チン)朝の皇宮群,Imperial Palaces of the Ming and Qing Dynasties in Beijing and Shenyang,文化遺産,China,CN,Asia and the Pacific,41.79416667,123.4469444,https://whc.unesco.org/document/109759,Imperial Palaces of the Ming and Qing Dynasties in Beijing and Shenyang (China),https://whc.unesco.org/en/list/439
440,莫高窟(モーガオクー),Mogao Caves,文化遺産,China,CN,Asia and the Pacific,40.13333,94.81667,https://whc.unesco.org/document/121021,Mogao Caves,https://whc.unesco.org/en/list/440
441,秦の始皇陵(チンシーホワンリン),Mausoleum of the First Qin Emperor,文化遺産,China,CN,Asia and the Pacific,34.381311,109.259951,https://whc.unesco.org/document/131305,Mausoleum of the First Qin Emperor,https://whc.unesco.org/en/list/441
442,シャーロットヴィルのモンティセロとヴァージニア大学,Monticello and the University of Virginia in Charlottesville,文化遺産,United States of America,US,Europe and North America,38.03277778,-78.50388889,https://whc.unesco.org/document/109838,Monticello and the University of Virginia in Charlottesville (United States of America),https://whc.unesco.org/en/list/442
444,アイット-ベン-ハドゥの集落,Ksar of Ait-Ben-Haddou,文化遺産,Morocco,MA,Arab States,31.04722,-7.12889,https://whc.unesco.org/document/109845,Ksar of Ait-Ben-Haddou (Morocco),https://whc.unesco.org/en/list/444
445,ブラジリア,Brasilia,文化遺産,Brazil,BR,Latin America and the Caribbean,-15.78333,-47.9,https://whc.unesco.org/document/132760,Brasilia (Brazil),https://whc.unesco.org/en/list/445
447,ウルル(エアーズロック)-カタ・ジュタ国立公園,Ulu<U>r</U>u-Kata Tju<U>t</U>a National Park,複合遺産,Australia,AU,Asia and the Pacific,-25.33333333,131,https://whc.unesco.org/document/109936,Uluru-Kata Tjuta National Park (Australia),https://whc.unesco.org/en/list/447
448,ネムルット・ダー,Nemrut Dağ,文化遺産,Türkiye,TR,Europe and North America,38.03661,38.76369,https://whc.unesco.org/document/131713,Nemrut Dağ,https://whc.unesco.org/en/list/448
449,周口店(チョウコウティエン)の北京原人遺跡,Peking Man Site at Zhoukoudian,文化遺産,China,CN,Asia and the Pacific,39.689449,115.922702,https://whc.unesco.org/document/209047,Peking Man Site at Zhoukoudian,https://whc.unesco.org/en/list/449
450,聖地キャンディ,Sacred City of Kandy,文化遺産,Sri Lanka,LK,Asia and the Pacific,7.293611111,80.64027778,https://whc.unesco.org/document/130141,Sacred City of Kandy (Sri Lanka),https://whc.unesco.org/en/list/450
451,ゴール旧市街とその要塞群,Old Town of Galle and its Fortifications,文化遺産,Sri Lanka,LK,Asia and the Pacific,6.028051,80.216346,https://whc.unesco.org/document/120536,Old town of Galle,https://whc.unesco.org/en/list/451
452,スンダルバンス国立公園,Sundarbans National Park,自然遺産,India,IN,Asia and the Pacific,21.945,88.89583333,,,https://whc.unesco.org/en/list/452
454,アトス山,Mount Athos,複合遺産,Greece,GR,Europe and North America,40.26667,24.21667,https://whc.unesco.org/document/110013,Mount Athos (Greece),https://whc.unesco.org/en/list/454
455,メテオラ,Meteora,複合遺産,Greece,GR,Europe and North America,39.71667,21.63333,https://whc.unesco.org/document/110057,Meteora (Greece),https://whc.unesco.org/en/list/455
456,テッサロニーキの初期キリスト教とビザンチン様式の建造物群,Paleochristian and Byzantine Monuments of Thessalonika,文化遺産,Greece,GR,Europe and North America,40.63833,22.965,https://whc.unesco.org/document/110077,Paleochristian and Byzantine Monuments of Thessalonika,https://whc.unesco.org/en/list/456
460,トリニダードとロス・インヘニオス渓谷,Trinidad and the Valley de los Ingenios,文化遺産,Cuba,CU,Latin America and the Caribbean,21.80305556,-79.98444444,https://whc.unesco.org/document/120294,Trinidad and the Valley de los Ingenios (Cuba),https://whc.unesco.org/en/list/460
474,ホルトバージ国立公園-プッツァ,Hortobágy National Park - the <i>Puszta</i>,文化遺産,Hungary,HU,Europe and North America,47.59458,21.15678,https://whc.unesco.org/document/209256,Hortobágy National Park - the Puszta - Csikós with his horse.,https://whc.unesco.org/en/list/474
475,マノヴォ-グンダ・サン・フローリス国立公園,Manovo-Gounda St Floris National Park,自然遺産,Central African Republic,CF,Africa,9,21.5,https://whc.unesco.org/document/110104,Gounda's river. Manovo-Gounda St Floris National Park (Central African Republic),https://whc.unesco.org/en/list/475
476,チョンゴニ・ロック‐アート地域,Chongoni Rock-Art Area,文化遺産,Malawi,MW,Africa,-14.21852077,34.20707383,https://whc.unesco.org/document/110126,Chongoni Rock-Art Area (Malawi),https://whc.unesco.org/en/list/476
479,ルアン・パバンの町,Town of Luang Prabang,文化遺産,Lao People's Democratic Republic,LA,Asia and the Pacific,19.88889,102.13333,https://whc.unesco.org/document/110136,Town of Luang Prabang (Lao People's Democratic Republic),https://whc.unesco.org/en/list/479
481,チャンパサック県の文化的景観にあるワット・プーと関連古代遺産群,Vat Phou and Associated Ancient Settlements within the Champasak Cultural Landscape,文化遺産,Lao People's Democratic Republic,LA,Asia and the Pacific,14.84833333,105.8222222,https://whc.unesco.org/document/110153,Champasak Cultural Landscape (Lao People's Democratic Republic),https://whc.unesco.org/en/list/481
482,古都グアナフアトとその銀鉱群,Historic Town of Guanajuato and Adjacent Mines,文化遺産,Mexico,MX,Latin America and the Caribbean,21.01694,-101.25556,https://whc.unesco.org/document/110163,"View over the historic town of Guanajuato, Province of Guanajuato, Mexico, UNESCO World Heritage Site 
Vue sur la ville Historique de Guanajuato, Etat de Guanajuato, Mexique, Site du Patrimoine Mondial de l’UNESCO 
Aussicht auf die historische Stadt Guanajuato, Provinz Guanajuato, Mexiko, Welterbe der UNESCO",https://whc.unesco.org/en/list/482
483,古代都市チチェン-イッツァ,Pre-Hispanic City of Chichen-Itza,文化遺産,Mexico,MX,Latin America and the Caribbean,20.682739,-88.568654,https://whc.unesco.org/document/110178,"Stepped pyramid of Kukulkan, El Castillo -  The Castle",https://whc.unesco.org/en/list/483
484,クサントス-レトーン,Xanthos-Letoon,文化遺産,Türkiye,TR,Europe and North America,36.335,29.32028,https://whc.unesco.org/document/131760,Xanthos-Letoon,https://whc.unesco.org/en/list/484
485,ヒエラポリス-パムッカレ,Hierapolis-Pamukkale,複合遺産,Türkiye,TR,Europe and North America,37.92389,29.12333,https://whc.unesco.org/document/131626,Hierapolis-Pamukkale,https://whc.unesco.org/en/list/485
486,クインズランドの湿潤熱帯地域,Wet Tropics of Queensland,自然遺産,Australia,AU,Asia and the Pacific,-15.65,144.9666667,https://whc.unesco.org/document/110216,Wet Tropics of Queensland (Australia),https://whc.unesco.org/en/list/486
487,ヘンダーソン島,Henderson Island,自然遺産,United Kingdom of Great Britain and Northern Ireland,GB,Europe and North America,-24.36666667,-128.3333333,https://whc.unesco.org/document/110240,Henderson Island (United Kingdom of Great Britain and Northern Ireland),https://whc.unesco.org/en/list/487
488,ロンドン塔,Tower of London,文化遺産,United Kingdom of Great Britain and Northern Ireland,GB,Europe and North America,51.50805556,-0.076111111,https://whc.unesco.org/document/126819,Tower of London (United Kingdom of Great Britain and Northern Ireland),https://whc.unesco.org/en/list/488
491,アスクレピオスの聖地エピダウロス,Sanctuary of Asklepios at Epidaurus,文化遺産,Greece,GR,Europe and North America,37.6,23.08055556,https://whc.unesco.org/document/131657,Sanctuary of Asklepios at Epidaurus (Greece),https://whc.unesco.org/en/list/491
492,プエブロ・デ・タオス,Taos Pueblo,文化遺産,United States of America,US,Europe and North America,36.438,-105.546,https://whc.unesco.org/document/110335,Pueblo de Taos,https://whc.unesco.org/en/list/492
493,ロードス島の中世都市,Medieval City of Rhodes,文化遺産,Greece,GR,Europe and North America,36.44722,28.22778,https://whc.unesco.org/document/124854,Medieval City of Rhodes,https://whc.unesco.org/en/list/493
494,チンギ・デ・ベマラ厳正自然保護区,Andrefana Dry Forests,自然遺産,Madagascar,MG,Africa,-18.66157778,44.76738611,https://whc.unesco.org/document/110353,Tsingy de Bemaraha Strict Nature Reserve (Madagascar),https://whc.unesco.org/en/list/494
495,ストラスブールのグラン・ディル,"Strasbourg, Grande-Île and <em>Neustadt</em>",文化遺産,France,FR,Europe and North America,48.58444444,7.748888889,https://whc.unesco.org/document/110371,Strasbourg – Grande île (France),https://whc.unesco.org/en/list/495
496,カンタベリー大聖堂、聖オーガスティン大修道院及び聖マーティン教会,"Canterbury Cathedral, St Augustine's Abbey, and St Martin's Church",文化遺産,United Kingdom of Great Britain and Northern Ireland,GB,Europe and North America,51.28,1.083333333,https://whc.unesco.org/document/110418,"Canterbury Cathedral, St Augustine's Abbey, and St Martin's Church",https://whc.unesco.org/en/list/496
498,スース旧市街,Medina of Sousse,文化遺産,Tunisia,TN,Arab States,35.82778,10.63861,https://whc.unesco.org/document/110434,Medina of Sousse (Tunisia),https://whc.unesco.org/en/list/498
499,カイルアン,Kairouan,文化遺産,Tunisia,TN,Arab States,35.68167,10.10389,https://whc.unesco.org/document/110450,Kairouan (Tunisia),https://whc.unesco.org/en/list/499
500,リマ歴史地区,Historic Centre of Lima,文化遺産,Peru,PE,Latin America and the Caribbean,-12.046542,-77.0304,https://whc.unesco.org/document/120268,Historic Centre of Lima (Peru),https://whc.unesco.org/en/list/500
502,古都ビガン,Historic City of Vigan,文化遺産,Philippines,PH,Asia and the Pacific,17.575,120.3875,https://whc.unesco.org/document/124630,Historic Town of Vigan,https://whc.unesco.org/en/list/502
505,アルコバッサの修道院,Monastery of Alcobaça,文化遺産,Portugal,PT,Europe and North America,39.55,-8.97667,https://whc.unesco.org/document/110478,Monastery of Alcobaça (Portugal),https://whc.unesco.org/en/list/505
506,バンダルギン(アルガン)国立公園,Banc d'Arguin National Park,自然遺産,Mauritania,MR,Arab States,20.23472,-16.10889,https://whc.unesco.org/document/110502,Banc d'Arguin National Park (Mauritania),https://whc.unesco.org/en/list/506
509,モシ・オ・トゥニャ/ヴィクトリアの滝,Mosi-oa-Tunya / Victoria Falls,自然遺産,"Zambia,Zimbabwe","ZM, ZW",Africa,-17.92453,25.85539,https://whc.unesco.org/document/110535,"Mosi-oa-Tunya / Victoria Falls (Zambia, Zimbabwe)",https://whc.unesco.org/en/list/509
511,ミストラの古代遺跡,Archaeological Site of Mystras,文化遺産,Greece,GR,Europe and North America,37.08056,22.36667,https://whc.unesco.org/document/110561,Archaeological Site of Mystras (Greece),https://whc.unesco.org/en/list/511
514,オークニー諸島の新石器時代遺跡中心地,Heart of Neolithic Orkney,文化遺産,United Kingdom of Great Britain and Northern Ireland,GB,Europe and North America,58.99605556,-3.188666667,https://whc.unesco.org/document/110575,the Stones of Stenness,https://whc.unesco.org/en/list/514
515,ロルシュの王立修道院とアルテンミュンスター,Abbey and Altenmünster of Lorsch,文化遺産,Germany,DE,Europe and North America,49.65369,8.56858,https://whc.unesco.org/document/110583,Abbey and Altenmünster of Lorsch. Abbey and Altenmünster of Lorsch (Germany),https://whc.unesco.org/en/list/515
516,バンディアガラの断崖(ドゴン人の地),Cliff of Bandiagara (Land of the Dogons),複合遺産,Mali,ML,Africa,14.33333,-3.41667,https://whc.unesco.org/document/110589,Cliff of Bandiagara (Land of the Dogons) (Mali),https://whc.unesco.org/en/list/516
517,オリンピアの古代遺跡,Archaeological Site of Olympia,文化遺産,Greece,GR,Europe and North America,37.64,21.634,https://whc.unesco.org/document/110605,Archaeological Site of Olympia (Greece),https://whc.unesco.org/en/list/517
518,ポブレー修道院,Poblet Monastery,文化遺産,Spain,ES,Europe and North America,41.38083,1.0825,https://whc.unesco.org/document/110633,Poblet Monastery,https://whc.unesco.org/en/list/518
522,ウベダとバエーサのルネサンス様式の記念碑的建造物群,Renaissance Monumental Ensembles of Úbeda and Baeza,文化遺産,Spain,ES,Europe and North America,38.01131,-3.37122,https://whc.unesco.org/document/110642,Renaissance Monumental Ensembles of Úbeda and Baeza,https://whc.unesco.org/en/list/522
524,サーンチーの仏教建造物群,Buddhist Monuments at Sanchi,文化遺産,India,IN,Asia and the Pacific,23.47944,77.73972,https://whc.unesco.org/document/110643,Buddhist Monuments at Sanchi,https://whc.unesco.org/en/list/524
526,サント・ドミンゴ植民都市,Colonial City of Santo Domingo,文化遺産,Dominican Republic,DO,Latin America and the Caribbean,18.472394,-69.885841,https://whc.unesco.org/document/110646,Catedral de Santa Mariá de la Encarnación Primada de America,https://whc.unesco.org/en/list/526
527,キエフ:聖ソフィア大聖堂と関連する修道院建築物群、キエフ-ペチェールスカヤ大修道院,"Kyiv: Saint-Sophia Cathedral and Related Monastic Buildings, Kyiv-Pechersk Lavra",文化遺産,Ukraine,UA,Europe and North America,50.45258,30.51686,https://whc.unesco.org/document/218437,"Kyiv: Saint-Sophia Cathedral and Related Monastic Buildings, Kyiv-Pechersk Lavra",https://whc.unesco.org/en/list/527
529,チキトスのイエズス会伝道施設群,Jesuit Missions of the Chiquitos,文化遺産,Bolivia (Plurinational State of),BO,Latin America and the Caribbean,-16,-60.5,https://whc.unesco.org/document/110700,San Xavier. Jesuit Missions of the Chiquitos (Bolivia (Plurinational State of)),https://whc.unesco.org/en/list/529
530,デロス島,Delos,文化遺産,Greece,GR,Europe and North America,37.4,25.26667,https://whc.unesco.org/document/110753,Delos,https://whc.unesco.org/en/list/530
532,ポツダムとベルリンの宮殿群と公園群,Palaces and Parks of Potsdam and Berlin,文化遺産,Germany,DE,Europe and North America,52.4,13.03333333,https://whc.unesco.org/document/120279,Palaces and Parks of Potsdam and Berlin,https://whc.unesco.org/en/list/532
534,デッサウ・ヴェルリッツの庭園王国,Garden Kingdom of Dessau-Wörlitz,文化遺産,Germany,DE,Europe and North America,51.8425,12.42083,https://whc.unesco.org/document/110772,Garden Kingdom of Dessau-Wörlitz (Germany),https://whc.unesco.org/en/list/534
535,クヴェートリンブルクの聖堂参事会教会、城と旧市街,"Collegiate Church, Castle and Old Town of Quedlinburg",文化遺産,Germany,DE,Europe and North America,51.78333,11.15,https://whc.unesco.org/document/129984,"Collegiate Church, Castle and Old Town of Quedlinburg (Germany)",https://whc.unesco.org/en/list/535
537,ダフニ修道院群、オシオス・ルカス修道院群及びヒオス島のネア・モニ修道院群,"Monasteries of Daphni, Hosios Loukas and Nea Moni of Chios",文化遺産,Greece,GR,Europe and North America,38.39527778,22.74666667,https://whc.unesco.org/document/110800,"Hosios Loukas, The dome of the church of the Virgin",https://whc.unesco.org/en/list/537
540,サンクト・ペテルブルグ歴史地区と関連建造物群,Historic Centre of Saint Petersburg and Related Groups of Monuments,文化遺産,Russian Federation,RU,Europe and North America,59.95,30.31833,https://whc.unesco.org/document/130530,Historic Centre of Saint Petersburg and Related Groups of Monuments (Russian Federation),https://whc.unesco.org/en/list/540
541,ヴィルニュスの歴史地区,Vilnius Historic Centre,文化遺産,Lithuania,LT,Europe and North America,54.68667,25.29306,https://whc.unesco.org/document/110910,Vilnius Historic Centre (Lithuania),https://whc.unesco.org/en/list/541
543,イチャン・カラ,Itchan Kala,文化遺産,Uzbekistan,UZ,Asia and the Pacific,41.378088,60.360253,https://whc.unesco.org/document/124428,Itchan Kala (Uzbekistan),https://whc.unesco.org/en/list/543
544,キジ島の木造教会,Kizhi Pogost,文化遺産,Russian Federation,RU,Europe and North America,62.06758333,35.22436111,https://whc.unesco.org/document/110924,"Kizhi Pogost, Novaya Vil'ya, Kareliya",https://whc.unesco.org/en/list/544
545,大クレムリン宮殿/モスクワのクレムリンと赤の広場,"Kremlin and Red Square, Moscow",文化遺産,Russian Federation,RU,Europe and North America,55.75402778,37.62041667,https://whc.unesco.org/document/110926,"Kremlin and Red Square, Moscow (Russian Federation)",https://whc.unesco.org/en/list/545
546,マウルブロンの修道院群,Maulbronn Monastery Complex,文化遺産,Germany,DE,Europe and North America,49.00083,8.81306,https://whc.unesco.org/document/120352,Maulbronn Monastery Complex (Germany),https://whc.unesco.org/en/list/546
547,黄山(ホワンシャン),Mount Huangshan,複合遺産,China,CN,Asia and the Pacific,30.145333,118.155083,https://whc.unesco.org/document/110984,Mount Huangshan (China),https://whc.unesco.org/en/list/547
548,リオ・アビセオ国立公園,Río Abiseo National Park,複合遺産,Peru,PE,Latin America and the Caribbean,-7.75,-77.25,https://whc.unesco.org/document/209613,Río Abiseo National Park - The Andean toucan in silent search of food.,https://whc.unesco.org/en/list/548
549,カゼルタの18世紀の王宮と公園、ヴァンヴィテッリの水道橋とサン・レウチョ邸宅群,"18th-Century Royal Palace at Caserta with the Park, the Aqueduct of Vanvitelli, and the San Leucio Complex",文化遺産,Italy,IT,Europe and North America,41.07333,14.32639,https://whc.unesco.org/document/110988,"18th-Century Royal Palace at Caserta with the Park, the Aqueduct of Vanvitelli, and the San Leucio Complex",https://whc.unesco.org/en/list/549
550,サン・ジミニャーノ歴史地区,Historic Centre of San Gimignano,文化遺産,Italy,IT,Europe and North America,43.46806,11.04167,https://whc.unesco.org/document/110990,Historic Centre of San Gimignano (Italy),https://whc.unesco.org/en/list/550
551,テ・ワヒポウナム-南西ニュージーランド,Te Wahipounamu – South West New Zealand,自然遺産,New Zealand,NZ,Asia and the Pacific,-45.03602778,167.3196111,https://whc.unesco.org/document/125589,Te Wahipounamu – South West New Zealand (New Zealand),https://whc.unesco.org/en/list/551
554,エル・ビスカイノのクジラ保護区,Whale Sanctuary of El Vizcaino,自然遺産,Mexico,MX,Latin America and the Caribbean,27.79222,-114.22778,https://whc.unesco.org/document/111071,Whale Sanctuary of El Vizcaino (Mexico),https://whc.unesco.org/en/list/554
555,ビルカとホーヴゴーデン,Birka and Hovgården,文化遺産,Sweden,SE,Europe and North America,59.33514,17.54264,https://whc.unesco.org/document/111073,Birka and Hovgården (Sweden),https://whc.unesco.org/en/list/555
556,エンゲルスベリの製鉄所,Engelsberg Ironworks,文化遺産,Sweden,SE,Europe and North America,59.97,16.01,https://whc.unesco.org/document/111085,Engelsberg Ironworks,https://whc.unesco.org/en/list/556
557,タヌムの線刻画群,Rock Carvings in Tanum,文化遺産,Sweden,SE,Europe and North America,58.70111,11.34111,https://whc.unesco.org/document/111087,Rock Carvings in Tanum,https://whc.unesco.org/en/list/557
558,スクーグシュルコゴーデン,Skogskyrkogården,文化遺産,Sweden,SE,Europe and North America,59.27556,18.09944,https://whc.unesco.org/document/159346,Skogskyrkogården,https://whc.unesco.org/en/list/558
559,ドロットニングホルムの王領地,Royal Domain of Drottningholm,文化遺産,Sweden,SE,Europe and North America,59.32306,17.88333,https://whc.unesco.org/document/111091,Royal Domain of Drottningholm,https://whc.unesco.org/en/list/559
560,パキメの遺跡、カサス・グランデス,"Archaeological Zone of Paquimé, Casas Grandes",文化遺産,Mexico,MX,Latin America and the Caribbean,30.367128,-107.948122,https://whc.unesco.org/document/111093,"Archaeological Zone of Paquimé, Casas Grandes (Mexico)",https://whc.unesco.org/en/list/560
561,ダンブッラの黄金寺院,Rangiri Dambulla Cave Temple,文化遺産,Sri Lanka,LK,Asia and the Pacific,7.856666667,80.64916667,https://whc.unesco.org/document/111101,Rangiri Dambulla Cave Temple (Sri Lanka),https://whc.unesco.org/en/list/561
564,ザモシチ旧市街,Old City of Zamość,文化遺産,Poland,PL,Europe and North America,50.71694444,23.25277778,https://whc.unesco.org/document/128379,Old City of Zamosc,https://whc.unesco.org/en/list/564
565,アルジェのカスバ,Kasbah of Algiers,文化遺産,Algeria,DZ,Arab States,36.78333,3.06028,https://whc.unesco.org/document/133034,Kasbah of Algiers,https://whc.unesco.org/en/list/565
566,古都スクレ,Historic City of Sucre,文化遺産,Bolivia (Plurinational State of),BO,Latin America and the Caribbean,-19.04799,-65.259592,https://whc.unesco.org/document/111142,casa de la libertad. Historic City of Sucre (Bolivia (Plurinational State of)),https://whc.unesco.org/en/list/566
567,ティワナク:ティワナク文化の宗教的・政治的中心地,Tiwanaku: Spiritual and Political Centre of the Tiwanaku Culture,文化遺産,Bolivia (Plurinational State of),BO,Latin America and the Caribbean,-16.555003,-68.673278,https://whc.unesco.org/document/121819,Tiwanaku: Spiritual and Political Centre of the Tiwanaku Culture (Bolivia (Plurinational State of)),https://whc.unesco.org/en/list/567
569,ベラットとギロカストラの歴史地区,Historic Centres of Berat and Gjirokastra,文化遺産,Albania,AL,Europe and North America,40.07416667,20.14083333,https://whc.unesco.org/document/111179,Historic Centres of Berat and Gjirokastra (Albania),https://whc.unesco.org/en/list/569
570,ブトリント,Butrint,文化遺産,Albania,AL,Europe and North America,39.745732,20.02095,https://whc.unesco.org/document/111190,Butrint (Albania),https://whc.unesco.org/en/list/570
573,アイールとテネレの自然保護区群,Air and Ténéré Natural Reserves,自然遺産,Niger,NE,Africa,19.07619264,9.661999998,https://whc.unesco.org/document/111208,A dune sea (Erg) between Fachi and Bilma.,https://whc.unesco.org/en/list/573
574,古代都市スコタイと周辺の古代都市群,Historic Town of Sukhothai and Associated Historic Towns,文化遺産,Thailand,TH,Asia and the Pacific,17.00722,99.78972,https://whc.unesco.org/document/111210,Historic Town of Sukhothai and Associated Historic Towns,https://whc.unesco.org/en/list/574
575,バン・チアンの古代遺跡,Ban Chiang Archaeological Site,文化遺産,Thailand,TH,Asia and the Pacific,17.407772,103.237589,https://whc.unesco.org/document/111217,Ban Chiang Archaeological Site,https://whc.unesco.org/en/list/575
576,古代都市アユタヤ,Historic City of Ayutthaya,文化遺産,Thailand,TH,Asia and the Pacific,14.34778,100.56056,https://whc.unesco.org/document/122793,Historic City of Ayutthaya (Thailand),https://whc.unesco.org/en/list/576
577,ハード島とマクドナルド諸島,Heard and McDonald Islands,自然遺産,Australia,AU,Asia and the Pacific,-53.1,73.5,https://whc.unesco.org/document/118602,Heard and McDonald Islands,https://whc.unesco.org/en/list/577
578,西オーストラリアのシャーク湾,"Shark Bay, Western Australia",自然遺産,Australia,AU,Asia and the Pacific,-25.48611111,113.4361111,https://whc.unesco.org/document/111258,"Shark Bay, Western Australia (Australia)",https://whc.unesco.org/en/list/578
579,サンマルラハデンマキの青銅器時代の石塚墳,Bronze Age Burial Site of Sammallahdenmäki,文化遺産,Finland,FI,Europe and North America,61.12056,21.7775,https://whc.unesco.org/document/111262,Bronze Age Burial Site of Sammallahdenmäki,https://whc.unesco.org/en/list/579
582,ラウマ旧市街,Old Rauma,文化遺産,Finland,FI,Europe and North America,61.12806,21.51167,https://whc.unesco.org/document/126882,Old Rauma,https://whc.unesco.org/en/list/582
583,スオメンリンナの要塞群,Fortress of Suomenlinna,文化遺産,Finland,FI,Europe and North America,60.14722,24.98722,https://whc.unesco.org/document/111272,Fortress of Suomenlinna (Finland),https://whc.unesco.org/en/list/583
584,ペタヤヴェシの古い教会,Petäjävesi Old Church,文化遺産,Finland,FI,Europe and North America,62.25,25.18333,https://whc.unesco.org/document/111320,Petäjävesi Old Church,https://whc.unesco.org/en/list/584
585,モレリア歴史地区,Historic Centre of Morelia,文化遺産,Mexico,MX,Latin America and the Caribbean,19.700927,-101.190376,https://whc.unesco.org/document/120725,Historic Centre of Morelia,https://whc.unesco.org/en/list/585
586,ロータス城塞,Rohtas Fort,文化遺産,Pakistan,PK,Asia and the Pacific,32.9625,73.58888889,https://whc.unesco.org/document/111324,Rohtas Fort,https://whc.unesco.org/en/list/586
588,ドナウ・デルタ,Danube Delta,自然遺産,Romania,RO,Europe and North America,45.08333,29.5,https://whc.unesco.org/document/129066,Danube Delta,https://whc.unesco.org/en/list/588
590,ドン・パヤーイェン‐カオ・ヤイ森林群,Dong Phayayen-Khao Yai Forest Complex,自然遺産,Thailand,TH,Asia and the Pacific,14.33,102.05,https://whc.unesco.org/document/124621,Dong Phayayen-Khao Yai Forest Complex,https://whc.unesco.org/en/list/590
591,トゥンヤイ-ファイ・カ・ケン野生生物保護区群,Thungyai-Huai Kha Khaeng Wildlife Sanctuaries,自然遺産,Thailand,TH,Asia and the Pacific,15.33333,98.91667,https://whc.unesco.org/document/159381,Thungyai-Huai Kha Khaeng Wildlife Sanctuaries,https://whc.unesco.org/en/list/591
592,ボロブドゥル(ボロブドール)寺院遺跡群,Borobudur Temple Compounds,文化遺産,Indonesia,ID,Asia and the Pacific,-7.60778,110.20361,https://whc.unesco.org/document/111342,Borobudur Temple Compounds (Indonesia),https://whc.unesco.org/en/list/592
593,サンギラン初期人類遺跡,Sangiran Early Man Site,文化遺産,Indonesia,ID,Asia and the Pacific,-7.4,110.8166667,https://whc.unesco.org/document/125114,Sangiran Early Man Site,https://whc.unesco.org/en/list/593
595,サモス島のピュタゴリオンとヘラ神殿,Pythagoreion and Heraion of Samos,文化遺産,Greece,GR,Europe and North America,37.69083,26.94333,https://whc.unesco.org/document/148200,Pythagoreion and Heraion of Samos,https://whc.unesco.org/en/list/595
596,トランシルヴァニア地方の要塞教会群のある集落,Villages with Fortified Churches in Transylvania,文化遺産,Romania,RO,Europe and North America,46.13583333,24.77305556,https://whc.unesco.org/document/111372,Fortified church of Prejmer (1250),https://whc.unesco.org/en/list/596
597,ホレズ修道院,Monastery of Horezu,文化遺産,Romania,RO,Europe and North America,45.16972222,24.00722222,https://whc.unesco.org/document/111389,Monastery of Horezu,https://whc.unesco.org/en/list/597
598,スツェヴィタ修道院のキリスト復活教会,Churches of Moldavia,文化遺産,Romania,RO,Europe and North America,47.77833333,25.71277778,https://whc.unesco.org/document/111391,"The Pridvor – entrance of the Church of St Nicholas of the Probota Monastery, with wall paintings representing biblical scenes and legends, South Bucovina",https://whc.unesco.org/en/list/598
599,モザンビーク島,Island of Mozambique,文化遺産,Mozambique,MZ,Africa,-15.03417,40.73583,https://whc.unesco.org/document/123811,Island of Mozambique,https://whc.unesco.org/en/list/599
600,パリのセーヌ河岸(エッフェル塔、ルーブル美術館、コンコルド広場、グラン・パレ、プティ・パレ、ノートルダム寺院、サント・シャペルなどを含む,"Paris, Banks of the Seine",文化遺産,France,FR,Europe and North America,48.8655,2.321138889,https://whc.unesco.org/document/173088,Notre Dame de Paris,https://whc.unesco.org/en/list/600
601,ランスのノートル-ダム大聖堂、サン-レミ旧大修道院及びト宮殿,"Cathedral of Notre-Dame, Former Abbey of Saint-Rémi and Palace of Tau, Reims",文化遺産,France,FR,Europe and North America,49.25333333,4.032777778,https://whc.unesco.org/document/111493,"Cathedral of Notre-Dame, Former Abbey of Saint-Rémi and Palace of Tau, Reims (France)",https://whc.unesco.org/en/list/601
602,ブハラ歴史地区,Historic Centre of Bukhara,文化遺産,Uzbekistan,UZ,Asia and the Pacific,39.77472,64.42861,https://whc.unesco.org/document/123838,Historic Centre of Bukhara,https://whc.unesco.org/en/list/602
603,サマルカンド-文化交差路,Samarkand – Crossroad of Cultures,文化遺産,Uzbekistan,UZ,Asia and the Pacific,39.66861,67,https://whc.unesco.org/document/111554,"Sherdar Medressa, Lions gate, Registan, Samarkand, Usbekistan, UNESCO World Heritage Site
Médersa Sher-Dor, La Porte des Lions, Régistan, Samarkand (Samarcande), Ouzbékistan, Site du Patrimoine Mondial de l’UNESCO
Shir dar Medrese, Tigerhaus, Rigestan, Samarkand, Usbekistan, Welterbe der UNESCO",https://whc.unesco.org/en/list/603
604,ノヴゴロドの文化財とその周辺地区,Historic Monuments of Novgorod and Surroundings,文化遺産,Russian Federation,RU,Europe and North America,58.53333,31.28333,https://whc.unesco.org/document/111584,Historic Monuments of Novgorod and Surroundings,https://whc.unesco.org/en/list/604
606,カピバラ山地国立公園,Serra da Capivara National Park,文化遺産,Brazil,BR,Latin America and the Caribbean,-8.718634,-42.652436,,,https://whc.unesco.org/en/list/606
608,ウジュン・クロン国立公園,Ujung Kulon National Park,自然遺産,Indonesia,ID,Asia and the Pacific,-6.75,105.3333333,https://whc.unesco.org/document/111591,Ujung Kulon National Park (Indonesia),https://whc.unesco.org/en/list/608
609,コモド国立公園,Komodo National Park,自然遺産,Indonesia,ID,Asia and the Pacific,-8.54333,119.48944,https://whc.unesco.org/document/125037,Komodo National Park (Indonesia),https://whc.unesco.org/en/list/609
611,古都ザビード,Historic Town of Zabid,文化遺産,Yemen,YE,Arab States,14.19533333,43.31552778,https://whc.unesco.org/document/111666,Historic Town of Zabid,https://whc.unesco.org/en/list/611
613,レオン・ビエホ遺跡群,Ruins of León Viejo,文化遺産,Nicaragua,NI,Latin America and the Caribbean,12.40047,-86.616336,https://whc.unesco.org/document/130997,Ruins of León Viejo,https://whc.unesco.org/en/list/613
614,サフランボル市街,City of Safranbolu,文化遺産,Türkiye,TR,Europe and North America,41.26,32.68972,https://whc.unesco.org/document/111675,City of Safranbolu (Turkey),https://whc.unesco.org/en/list/614
616,プラハ歴史地区,Historic Centre of Prague,文化遺産,Czechia,CZ,Europe and North America,50.08972,14.41944,https://whc.unesco.org/document/126653,Historic Centre of Prague (Czech Republic),https://whc.unesco.org/en/list/616
617,チェスキー・クルムロフ歴史地区,Historic Centre of Český Krumlov,文化遺産,Czechia,CZ,Europe and North America,48.81069444,14.31502778,https://whc.unesco.org/document/111736,Historic Centre of Český Krumlov (Czech Republic),https://whc.unesco.org/en/list/617
618,バンスカー・シュティアヴニツァ歴史都市と近隣の工業建築物群,Historic Town of Banská Štiavnica and the Technical Monuments in its Vicinity,文化遺産,Slovakia,SK,Europe and North America,48.46111,18.9,https://whc.unesco.org/document/130185,Historic Town of Banská Štiavnica and the Technical Monuments in its Vicinity (Slovakia),https://whc.unesco.org/en/list/618
620,レボチャ、スピシュスキー城と関連文化財,"Levoča, Spišský Hrad and the Associated Cultural Monuments",文化遺産,Slovakia,SK,Europe and North America,48.99944444,20.7675,https://whc.unesco.org/document/111809,"Levoča, Spišský Hrad and the Associated Cultural Monuments (Slovakia)",https://whc.unesco.org/en/list/620
621,テルチ歴史地区,Historic Centre of Telč,文化遺産,Czechia,CZ,Europe and North America,49.18413889,15.45397222,https://whc.unesco.org/document/131043,Historic Centre of Telč,https://whc.unesco.org/en/list/621
622,ヴルコリニェツ,Vlkolínec,文化遺産,Slovakia,SK,Europe and North America,49.03916667,19.27833333,https://whc.unesco.org/document/111852,Vlkolínec (Slovakia),https://whc.unesco.org/en/list/622
623,ランメルスベルク鉱山と古都ゴスラー、上ハルツ水管理システム,"Mines of Rammelsberg, Historic Town of Goslar and Upper Harz Water Management System",文化遺産,Germany,DE,Europe and North America,51.82,10.34,https://whc.unesco.org/document/111870,Upper Harz Water Management System,https://whc.unesco.org/en/list/623
624,バンベルクの町,Town of Bamberg,文化遺産,Germany,DE,Europe and North America,49.89166667,10.88888889,https://whc.unesco.org/document/123948,Town of Bamberg,https://whc.unesco.org/en/list/624
625,ミール地方の城と関連建物群,Mir Castle Complex,文化遺産,Belarus,BY,Europe and North America,53.45108333,26.47272222,https://whc.unesco.org/document/111885,Mir Castle Complex,https://whc.unesco.org/en/list/625
629,マッコーリー島,Macquarie Island,自然遺産,Australia,AU,Asia and the Pacific,-54.59472222,158.8955556,https://whc.unesco.org/document/111887,"Group of King Penguins walking on the beach of Sandy Bay, Macquarie Island, Subantarctic Islands of Australia
Groupe de Manchots royal marchant sur la plage de Sandy Bay, Ile de Macquarie, Iles subantarctiques d’Australie
Gruppe von Koenigspinguinen am Strand von Sandy Bay marschierend, Macquarie Insel, Subantarktische Inseln von Australien
Aptenodytes patagonia, Aptenodytes patagonica, Aptenodytes patagonicus
Spheniscidae Family",https://whc.unesco.org/en/list/629
630,フレーザー島,K’gari,自然遺産,Australia,AU,Asia and the Pacific,-25.21666667,153.1333333,https://whc.unesco.org/document/111908,K'gari,https://whc.unesco.org/en/list/630
631,古代都市エル・タヒン,"El Tajin, Pre-Hispanic City",文化遺産,Mexico,MX,Latin America and the Caribbean,20.446095,-97.377642,https://whc.unesco.org/document/111928,"El Tajin, Pre-Hispanic City",https://whc.unesco.org/en/list/631
632,ソロヴェツキー諸島の文化と歴史遺産群,Cultural and Historic Ensemble of the Solovetsky Islands,文化遺産,Russian Federation,RU,Europe and North America,65.08333333,35.66666667,https://whc.unesco.org/document/111930,Cultural and Historic Ensemble of the Solovetsky Islands,https://whc.unesco.org/en/list/632
633,ウラジーミルとスーズダリの白い建造物群,White Monuments of Vladimir and Suzdal,文化遺産,Russian Federation,RU,Europe and North America,56.15,40.41666667,https://whc.unesco.org/document/156206,White Monuments of Vladimir and Suzdal,https://whc.unesco.org/en/list/633
634,コローメンスコエの昇天教会,"Church of the Ascension, Kolomenskoye",文化遺産,Russian Federation,RU,Europe and North America,55.65556,37.67389,https://whc.unesco.org/document/111934,"Church of the Ascension, Kolomenskoye",https://whc.unesco.org/en/list/634
635,ブールジュ大聖堂,Bourges Cathedral,文化遺産,France,FR,Europe and North America,47.08222222,2.398333333,https://whc.unesco.org/document/111958,Bourges Cathedral (France),https://whc.unesco.org/en/list/635
637,九寨溝(チウチャイゴウ)の渓谷の景観と歴史地域,Jiuzhaigou Valley Scenic and Historic Interest Area,自然遺産,China,CN,Asia and the Pacific,33.08333,103.91667,https://whc.unesco.org/document/126085,Jiuzhaigou Valley Scenic and Historic Interest Area,https://whc.unesco.org/en/list/637
638,黄龍(ホワンロン)の景観と歴史地域,Huanglong Scenic and Historic Interest Area,自然遺産,China,CN,Asia and the Pacific,32.75417,103.82222,https://whc.unesco.org/document/122954,Huanglong Scenic and Historic Interest Area,https://whc.unesco.org/en/list/638
640,武陵源(ウーリンユワン)の自然景観と歴史地域,Wulingyuan Scenic and Historic Interest Area,自然遺産,China,CN,Asia and the Pacific,29.33333,110.5,https://whc.unesco.org/document/122988,Wulingyuan Scenic and Historic Interest Area,https://whc.unesco.org/en/list/640
642,プランバナン寺院遺跡群,Prambanan Temple Compounds,文化遺産,Indonesia,ID,Asia and the Pacific,-7.75222,110.49167,https://whc.unesco.org/document/111983,Prambanan Temple Compounds (Indonesia),https://whc.unesco.org/en/list/642
648,ラ・サンティシマ・トリニダード・デ・パラナとヘスース・デ・タバランゲのイエズス会伝道施設群,Jesuit Missions of La Santísima Trinidad de Paraná and Jesús de Tavarangue,文化遺産,Paraguay,PY,Latin America and the Caribbean,-27.131613,-55.702672,https://whc.unesco.org/document/112008,Jesuit Missions of La Santísima Trinidad de Paraná and Jesús de Tavarangue,https://whc.unesco.org/en/list/648
652,プエルト-プリンセサ地下河川国立公園,Puerto-Princesa Subterranean River National Park,自然遺産,Philippines,PH,Asia and the Pacific,10.16666667,118.9166667,https://whc.unesco.org/document/112012,Puerto-Princesa Subterranean River National Park (Philippines),https://whc.unesco.org/en/list/652
653,トゥバタハ岩礁海中公園,Tubbataha Reefs Natural Park,自然遺産,Philippines,PH,Asia and the Pacific,8.953333333,119.8675,https://whc.unesco.org/document/112030,Tubbataha Reefs Natural Park (Philippines),https://whc.unesco.org/en/list/653
657,セルギエフ・ポサドのトロイツェ・セルギー大修道院の建造物群,Architectural Ensemble of the Trinity Sergius Lavra in Sergiev Posad,文化遺産,Russian Federation,RU,Europe and North America,56.31035,38.1312,https://whc.unesco.org/document/112077,the Trinity Sergius Lavra in Sergiev Posad,https://whc.unesco.org/en/list/657
658,コロとその港,Coro and its Port,文化遺産,Venezuela (Bolivarian Republic of),VE,Latin America and the Caribbean,11.409794,-69.679228,https://whc.unesco.org/document/112083,Coro and its Port (Venezuela (Bolivarian Republic of)),https://whc.unesco.org/en/list/658
659,ボイン渓谷の遺跡群,Brú na Bóinne - Archaeological Ensemble of the Bend of the Boyne,文化遺産,Ireland,IE,Europe and North America,53.69469444,-6.4755,https://whc.unesco.org/document/112097,Brú na Bóinne - Archaeological Ensemble of the Bend of the Boyne (Ireland),https://whc.unesco.org/en/list/659
660,法隆寺地域の仏教建造物,Buddhist Monuments in the Horyu-ji Area,文化遺産,Japan,JP,Asia and the Pacific,34.61666667,135.7333333,https://whc.unesco.org/document/122505,Buddhist Monuments in the Horyu-ji Area,https://whc.unesco.org/en/list/660
661,姫路城,Himeji-jo,文化遺産,Japan,JP,Asia and the Pacific,34.83333333,134.7,https://whc.unesco.org/document/112111,Himeji-jo (Japan),https://whc.unesco.org/en/list/661
662,屋久島,Yakushima,自然遺産,Japan,JP,Asia and the Pacific,30.315,130.5086111,https://whc.unesco.org/document/112126,Yakushima (Japan),https://whc.unesco.org/en/list/662
663,白神山地,Shirakami-Sanchi,自然遺産,Japan,JP,Asia and the Pacific,40.4525,140.1155556,https://whc.unesco.org/document/112128,Shirakami-Sanchi (Japan),https://whc.unesco.org/en/list/663
664,メリダの遺跡群,Archaeological Ensemble of Mérida,文化遺産,Spain,ES,Europe and North America,38.91611,-6.33778,https://whc.unesco.org/document/112139,Archaeological Ensemble of Mérida,https://whc.unesco.org/en/list/664
665,サンタ・マリア・デ・グアダルーペ王立修道院,Royal Monastery of Santa María de Guadalupe,文化遺産,Spain,ES,Europe and North America,39.45285,-5.3275,https://whc.unesco.org/document/126168,Royal Monastery of Santa María de Guadalupe,https://whc.unesco.org/en/list/665
666,仏陀の生誕地ルンビニ,"Lumbini, the Birthplace of the Lord Buddha",文化遺産,Nepal,NP,Asia and the Pacific,27.46889,83.27611,https://whc.unesco.org/document/112147,Archaeological zone in the sacred garden,https://whc.unesco.org/en/list/666
668,アンコール,Angkor,文化遺産,Cambodia,KH,Asia and the Pacific,13.43333333,103.8333333,https://whc.unesco.org/document/127038,Angkor (Cambodia),https://whc.unesco.org/en/list/668
669,サンティアゴ・デ・コンポステーラの巡礼路,Routes of Santiago de Compostela: <i>Camino Francés</i> and Routes of Northern Spain,文化遺産,Spain,ES,Europe and North America,43.335,-6.414722222,https://whc.unesco.org/document/112245,Leon Cathedral,https://whc.unesco.org/en/list/669
670,マテーラの洞窟住居と岩窟教会公園,The Sassi and the Park of the Rupestrian Churches of Matera,文化遺産,Italy,IT,Europe and North America,40.66638889,16.61027778,https://whc.unesco.org/document/112249,The Sassi and the Park of the Rupestrian Churches of Matera (Italy),https://whc.unesco.org/en/list/670
672,ハロン湾,Ha Long Bay - Cat Ba Archipelago,自然遺産,Viet Nam,VN,Asia and the Pacific,20.83277778,107.1611111,https://whc.unesco.org/document/112290,Ha Long Bay (Viet Nam),https://whc.unesco.org/en/list/672
675,ホヤ・デ・セレンの古代遺跡,Joya de Cerén Archaeological Site,文化遺産,El Salvador,SV,Latin America and the Caribbean,13.8275,-89.36916667,https://whc.unesco.org/document/112312,Joya de Cerén Archaeological Site,https://whc.unesco.org/en/list/675
676,サカテカス歴史地区,Historic Centre of Zacatecas,文化遺産,Mexico,MX,Latin America and the Caribbean,22.775484,-102.573531,https://whc.unesco.org/document/112314,Historic Centre of Zacatecas,https://whc.unesco.org/en/list/676
677,フィリピンのバロック様式教会群,Baroque Churches of the Philippines,文化遺産,Philippines,PH,Asia and the Pacific,14.59,120.97,https://whc.unesco.org/document/218317,Baroque Churches of the Philippines - Santa Maria Church,https://whc.unesco.org/en/list/677
678,フエの建造物群,Complex of Hué Monuments,文化遺産,Viet Nam,VN,Asia and the Pacific,16.46944,107.57778,https://whc.unesco.org/document/119076,Complex of Hué Monuments,https://whc.unesco.org/en/list/678
682,ブウィンディ原生国立公園,Bwindi Impenetrable National Park,自然遺産,Uganda,UG,Africa,-1.047,29.692,https://whc.unesco.org/document/112441,Bwindi Impenetrable National Park (Uganda),https://whc.unesco.org/en/list/682
684,ルウェンゾリ山地国立公園,Rwenzori Mountains National Park,自然遺産,Uganda,UG,Africa,0.223611111,29.92416667,https://whc.unesco.org/document/112445,Rwenzori Mountains National Park (Uganda),https://whc.unesco.org/en/list/684
685,ドニャーナ国立公園,Doñana National Park,自然遺産,Spain,ES,Europe and North America,36.9477,-6.358861,https://whc.unesco.org/document/223124,Doñana National Park,https://whc.unesco.org/en/list/685
686,ミグアシャ国立公園,Miguasha National Park,自然遺産,Canada,CA,Europe and North America,48.105,-66.35305556,https://whc.unesco.org/document/112480,Miguasha National Park,https://whc.unesco.org/en/list/686
687,フェルクリンゲン製鉄所,Völklingen Ironworks,文化遺産,Germany,DE,Europe and North America,49.24872222,6.844222222,https://whc.unesco.org/document/112482,Völklingen,https://whc.unesco.org/en/list/687
688,古都京都の文化財(京都市、宇治市、大津市),"Historic Monuments of Ancient Kyoto (Kyoto, Uji and Otsu Cities)",文化遺産,Japan,JP,Asia and the Pacific,34.98055556,135.7694444,https://whc.unesco.org/document/122730,"Historic Monuments of Ancient Kyoto (Kyoto, Uji and Otsu Cities) (Japan)",https://whc.unesco.org/en/list/688
689,,As-Salt - The Place of Tolerance and Urban Hospitality,文化遺産,Jordan,JO,Arab States,32.04261111,35.72830556,https://whc.unesco.org/document/188058,Overview of As-Salt city,https://whc.unesco.org/en/list/689
690,ゼレナー・ホラのネポムークの聖ヨハネ巡礼教会,Pilgrimage Church of St John of Nepomuk at Zelená Hora,文化遺産,Czechia,CZ,Europe and North America,49.5802,15.94205833,https://whc.unesco.org/document/126837,Pilgrimage Church of St John of Nepomuk at Zelená Hora,https://whc.unesco.org/en/list/690
692,,Forest Massif of Odzala-Kokoua,自然遺産,Congo,CG,Africa,1.335555556,14.86027778,https://whc.unesco.org/document/192575,Potamochoerus porcus,https://whc.unesco.org/en/list/692
695,ロスキレ大聖堂,Roskilde Cathedral,文化遺産,Denmark,DK,Europe and North America,55.64266541,12.07989985,https://whc.unesco.org/document/112552,Roskilde Cathedral in August,https://whc.unesco.org/en/list/695
696,クロンボー城,Kronborg Castle,文化遺産,Denmark,DK,Europe and North America,56.03889,12.62083333,https://whc.unesco.org/document/126852,Kronborg Castle (Denmark),https://whc.unesco.org/en/list/696
697,イェリング墳墓群、ルーン文字石碑群と教会,"Jelling Mounds, Runic Stones and Church",文化遺産,Denmark,DK,Europe and North America,55.75638889,9.42,https://whc.unesco.org/document/126848,"Jelling Mounds, Runic Stones and Church",https://whc.unesco.org/en/list/697
698,オーストラリアの哺乳類化石地域(リヴァーズレー/ナラコーテ),Australian Fossil Mammal Sites (Riversleigh / Naracoorte),自然遺産,Australia,AU,Asia and the Pacific,-19.08333333,138.7166667,https://whc.unesco.org/document/112570,"Australian Fossil Mammal Sites, Riversleigh",https://whc.unesco.org/en/list/698
699,ルクセンブルク市:その古い街並みと要塞群,City of Luxembourg: its Old Quarters and Fortifications,文化遺産,Luxembourg,LU,Europe and North America,49.61,6.13333,https://whc.unesco.org/document/124582,City of Luxembourg: its Old Quarters and Fortifications (Luxembourg),https://whc.unesco.org/en/list/699
700,ナスカとフマナ平原の地上絵,Lines and Geoglyphs of Nasca and Palpa,文化遺産,Peru,PE,Latin America and the Caribbean,-14.72583,-75.14861,https://whc.unesco.org/document/209568,Lines and Geoglyphs of Nasca and Palpa,https://whc.unesco.org/en/list/700
701,カナイマ国立公園(ギアナ高地、ロライマ、クケナン、アウヤンテプイ、などのテーブルマウンテン(テプイ)を含む),Canaima National Park,自然遺産,Venezuela (Bolivarian Republic of),VE,Latin America and the Caribbean,5.337994,-62.037883,https://whc.unesco.org/document/112579,Canaima National Park (Venezuela (Bolivarian Republic of)),https://whc.unesco.org/en/list/701
702,ポポカテペトル山腹の16世紀初頭の修道院群,Earliest 16th-Century Monasteries on the Slopes of Popocatepetl,文化遺産,Mexico,MX,Latin America and the Caribbean,18.93472222,-98.89777778,https://whc.unesco.org/document/181373,Franciscan Ensemble of the Monastery and Cathedral of Our Lady of the Assumption of Tlaxcala (extension of the Earliest 16th-Century Monasteries on the Slopes of Popocatepetl),https://whc.unesco.org/en/list/702
703,承徳(チョントー)の避暑山荘(ピーシュシャンチョワン)と外八廟(ワイパーミャオ),"Mountain Resort and its Outlying Temples, Chengde",文化遺産,China,CN,Asia and the Pacific,40.98694,117.93833,https://whc.unesco.org/document/126146,"Mountain Resort and its Outlying Temples, Chengde (China)",https://whc.unesco.org/en/list/703
704,曲阜(チュイフー)の孔廟(コンミャオ)、孔林(コンリン)、孔府(コンフー),Temple and Cemetery of Confucius and the Kong Family Mansion in Qufu,文化遺産,China,CN,Asia and the Pacific,35.613215,116.994561,https://whc.unesco.org/document/126228,Temple and Cemetery of Confucius and the Kong Family Mansion in Qufu,https://whc.unesco.org/en/list/704
705,武当山(ウータンシャン)の古代建築物群,Ancient Building Complex in the Wudang Mountains,文化遺産,China,CN,Asia and the Pacific,32.46667,111,https://whc.unesco.org/document/126092,Ancient Building Complex in the Wudang Mountains,https://whc.unesco.org/en/list/705
707,ラサのポタラ宮歴史地区,"Historic Ensemble of the Potala Palace, Lhasa",文化遺産,China,CN,Asia and the Pacific,29.65792,91.11717,https://whc.unesco.org/document/112628,The Potala Palace,https://whc.unesco.org/en/list/707
708,ムツヘタの文化財群,Historical Monuments of Mtskheta,文化遺産,Georgia,GE,Europe and North America,41.84227778,44.72102778,https://whc.unesco.org/document/126668,Historical Monuments of Mtskheta,https://whc.unesco.org/en/list/708
709,アッパー・スヴァネティ,Upper Svaneti,文化遺産,Georgia,GE,Europe and North America,42.914,43.009,https://whc.unesco.org/document/112638,General view,https://whc.unesco.org/en/list/709
710,バグラティ大聖堂とゲラティ修道院,Gelati Monastery,文化遺産,Georgia,GE,Europe and North America,42.29472222,42.76833333,https://whc.unesco.org/document/133884,Gelati Monastry,https://whc.unesco.org/en/list/710
711,ロス・カティオス国立公園,Los Katíos National Park,自然遺産,Colombia,CO,Latin America and the Caribbean,7.803975,-77.146271,https://whc.unesco.org/document/118425,Los Katíos National Park (Colombia),https://whc.unesco.org/en/list/711
712,ヴィチェンツァ市街とヴェネト地方のパッラーディオ様式の邸宅群,City of Vicenza and the Palladian Villas of the Veneto,文化遺産,Italy,IT,Europe and North America,45.54916667,11.54944444,https://whc.unesco.org/document/112666,City of Vicenza and the Palladian Villas of the Veneto (Italy),https://whc.unesco.org/en/list/712
714,サンフランシスコ山地の岩絵群,Rock Paintings of the Sierra de San Francisco,文化遺産,Mexico,MX,Latin America and the Caribbean,27.626963,-113.020427,https://whc.unesco.org/document/123558,Rock Paintings of the Sierra de San Francisco,https://whc.unesco.org/en/list/714
715,ラパ・ヌイ国立公園(イースター島),Rapa Nui National Park,文化遺産,Chile,CL,Latin America and the Caribbean,-27.074403,-109.365683,https://whc.unesco.org/document/112699,Moai de Rapa Nui,https://whc.unesco.org/en/list/715
717,シエナ歴史地区,Historic Centre of Siena,文化遺産,Italy,IT,Europe and North America,43.31861111,11.33166667,https://whc.unesco.org/document/112734,Historic Centre of Siena (Italy),https://whc.unesco.org/en/list/717
718,オカピ野生生物保護区,Okapi Wildlife Reserve,自然遺産,Democratic Republic of the Congo,CD,Africa,2,28.5,https://whc.unesco.org/document/112804,Okapi Wildlife Reserve (Democratic Republic of the Congo),https://whc.unesco.org/en/list/718
719,コミ原生林,Virgin Komi Forests,自然遺産,Russian Federation,RU,Europe and North America,63.62583333,58.9525,https://whc.unesco.org/document/112806,Virgin Komi Forests,https://whc.unesco.org/en/list/719
720,メッセル・ピットの化石地域,Messel Pit Fossil Site,自然遺産,Germany,DE,Europe and North America,49.918,8.757,https://whc.unesco.org/document/117992,Messel Pit Fossil Site (Germany),https://whc.unesco.org/en/list/720
721,カールズバッド洞窟群国立公園,Carlsbad Caverns National Park,自然遺産,United States of America,US,Europe and North America,32.16666667,-104.3833333,https://whc.unesco.org/document/112828,Carlsbad Caverns National Park (United States of America),https://whc.unesco.org/en/list/721
722,フィリピン・コルディリェーラの棚田群,Rice Terraces of the Philippine Cordilleras,文化遺産,Philippines,PH,Asia and the Pacific,16.93389,121.13667,https://whc.unesco.org/document/112832,Rice Terraces of the Philippine Cordilleras (Philippines),https://whc.unesco.org/en/list/722
723,シントラの文化的景観,Cultural Landscape of Sintra,文化遺産,Portugal,PT,Europe and North America,38.78333,-9.41667,https://whc.unesco.org/document/112834,Cultural Landscape of Sintra (Portugal),https://whc.unesco.org/en/list/723
724,コソヴォの中世建造物,Medieval Monuments in Kosovo,文化遺産,Serbia,RS,Europe and North America,42.66111111,20.26555556,https://whc.unesco.org/document/218400,Medieval Monuments in Kosovo - Dečani Monastery,https://whc.unesco.org/en/list/724
725,アグテレック・カルストとスロバキア・カルストの洞窟群,Caves of Aggtelek Karst and Slovak Karst,自然遺産,"Hungary,Slovakia","HU, SK",Europe and North America,48.47573,20.48687,https://whc.unesco.org/document/209216,Caves of Aggtelek Karst and Slovak Karst - Meteor Cave - Chamber of Titan's.,https://whc.unesco.org/en/list/725
726,ナポリ歴史地区,Historic Centre of Naples,文化遺産,Italy,IT,Europe and North America,40.85138889,14.26277778,https://whc.unesco.org/document/118187,Historic Centre of Naples,https://whc.unesco.org/en/list/726
728,エディンバラの旧市街と新市街,Old and New Towns of Edinburgh,文化遺産,United Kingdom of Great Britain and Northern Ireland,GB,Europe and North America,55.95,-3.216666667,https://whc.unesco.org/document/112952,Old and New Towns of Edinburgh (United Kingdom of Great Britain and Northern Ireland),https://whc.unesco.org/en/list/728
729,ヴァイマールとデッサウのバウハウスとその関連遺産群,"Bauhaus and its Sites in Weimar, Dessau and Bernau",文化遺産,Germany,DE,Europe and North America,50.97477778,11.3295,https://whc.unesco.org/document/112988,Bauhaus and its Sites in Weimar and Dessau,https://whc.unesco.org/en/list/729
730,クレスピ・ダッダ,Crespi d'Adda,文化遺産,Italy,IT,Europe and North America,45.59333,9.53833,https://whc.unesco.org/document/112990,Crespi d'Adda (Italy),https://whc.unesco.org/en/list/730
731,ハンザ同盟都市ヴィスビュー,Hanseatic Town of Visby,文化遺産,Sweden,SE,Europe and North America,57.64167,18.29583,https://whc.unesco.org/document/113008,Hanseatic Town of Visby (Sweden),https://whc.unesco.org/en/list/731
732,クトナー・ホラ:聖バルバラ教会とセドレツの聖母マリア大聖堂のある歴史都市,Kutná Hora: Historical Town Centre with the Church of St Barbara and the Cathedral of Our Lady at Sedlec,文化遺産,Czechia,CZ,Europe and North America,49.95,15.26666667,https://whc.unesco.org/document/126719,Kutná Hora: Historical Town Centre with the Church of St Barbara and the Cathedral of Our Lady at Sedlec,https://whc.unesco.org/en/list/732
733,フェッラーラ:ルネサンス期の市街とポー川デルタ地帯,"Ferrara, City of the Renaissance, and its Po Delta",文化遺産,Italy,IT,Europe and North America,44.83777778,11.61944444,https://whc.unesco.org/document/131665,"Ferrara, City of the Renaissance, and its Po Delta (Italy)",https://whc.unesco.org/en/list/733
734,白川郷・五箇山の合掌造り集落,Historic Villages of Shirakawa-go and Gokayama,文化遺産,Japan,JP,Asia and the Pacific,36.4,136.8833333,https://whc.unesco.org/document/113034,Historic Villages of Shirakawa-go and Gokayama,https://whc.unesco.org/en/list/734
736,石窟庵(ソックラム)と仏国寺(プルグクサ),Seokguram Grotto and Bulguksa Temple,文化遺産,Republic of Korea,KR,Asia and the Pacific,35.791498,129.349029,https://whc.unesco.org/document/128941,Seokguram Grotto and Bulguksa Temple,https://whc.unesco.org/en/list/736
737,八萬大蔵経の納められた伽?山海印寺,"Haeinsa Temple Janggyeong Panjeon, the Depositories for the <I>Tripitaka Koreana</I> Woodblocks",文化遺産,Republic of Korea,KR,Asia and the Pacific,35.801672,128.098711,https://whc.unesco.org/document/129995,"Haeinsa Temple Janggyeong Panjeon, the Depositories for the Tripitaka Koreana Woodblocks",https://whc.unesco.org/en/list/737
738,宗廟(チョンミョ),Jongmyo Shrine,文化遺産,Republic of Korea,KR,Asia and the Pacific,37.57472222,126.9936111,https://whc.unesco.org/document/118606,Jongmyo Shrine,https://whc.unesco.org/en/list/738
739,スホクラントとその周辺,Schokland and Surroundings,文化遺産,Netherlands (Kingdom of the),NL,Europe and North America,52.63861111,5.771666667,https://whc.unesco.org/document/113047,Schokland and Surroundings,https://whc.unesco.org/en/list/739
740,ゴフ島及びインアクセシブル(イナクセシブル)島,Gough and Inaccessible Islands,自然遺産,United Kingdom of Great Britain and Northern Ireland,GB,Europe and North America,-40.32472222,-9.928611111,https://whc.unesco.org/document/113077,Gough and Inaccessible Islands (United Kingdom of Great Britain and Northern Ireland),https://whc.unesco.org/en/list/740
741,ルーネンバーグ旧市街,Old Town Lunenburg,文化遺産,Canada,CA,Europe and North America,44.37611111,-64.30916667,https://whc.unesco.org/document/123725,Old Town Lunenburg,https://whc.unesco.org/en/list/741
742,サンタ・クルーズ・デ・モンポスの歴史地区,Historic Centre of Santa Cruz de Mompox,文化遺産,Colombia,CO,Latin America and the Caribbean,9.240492,-74.423084,https://whc.unesco.org/document/124320,Historic Centre of Santa Cruz de Mompox,https://whc.unesco.org/en/list/742
743,ティエラデントロの国立遺跡公園,National Archeological Park of Tierradentro,文化遺産,Colombia,CO,Latin America and the Caribbean,2.583333333,-76.03333333,https://whc.unesco.org/document/120697,National Archeological Park of Tierradentro,https://whc.unesco.org/en/list/743
744,サン・アグスティン遺跡公園,San Agustín Archaeological Park,文化遺産,Colombia,CO,Latin America and the Caribbean,1.916666667,-76.23333333,https://whc.unesco.org/document/113090,Archaeological park of San Augustin,https://whc.unesco.org/en/list/744
747,コロニア・デル・サクラメントの歴史的街並み,Historic Quarter of the City of Colonia del Sacramento,文化遺産,Uruguay,UY,Latin America and the Caribbean,-34.47119,-57.849898,https://whc.unesco.org/document/121637,Historic Quarter of the City of Colonia del Sacramento,https://whc.unesco.org/en/list/747
749,ニジェールのW国立公園,W-Arly-Pendjari Complex,自然遺産,"Benin,Niger,Burkina Faso","BJ, NE, BF",Africa,11.88416667,2.487777778,https://whc.unesco.org/document/135508,"Cabin on a baobab, W National Park of Niger",https://whc.unesco.org/en/list/749
750,ウワダン、シンゲッティ、ティシット及びウワラタの古い集落,"Ancient <I>Ksour</I> of Ouadane, Chinguetti, Tichitt and Oualata",文化遺産,Mauritania,MR,Arab States,20.92889,-11.62361,https://whc.unesco.org/document/113113,"Ancient Ksour of Ouadane, Chinguetti, Tichitt and Oualata (Mauritania)",https://whc.unesco.org/en/list/750
751,ヴェルラ砕木・板紙工場,Verla Groundwood and Board Mill,文化遺産,Finland,FI,Europe and North America,61.06194,26.64083,https://whc.unesco.org/document/113137,Verla Groundwood and Board Mill,https://whc.unesco.org/en/list/751
753,エッサウィラのメディナ(旧名モガドール),Medina of Essaouira (formerly Mogador),文化遺産,Morocco,MA,Arab States,31.51411111,-9.770305556,https://whc.unesco.org/document/113167,Medina of Essaouira (formerly Mogador) (Morocco),https://whc.unesco.org/en/list/753
754,バイカル湖,Lake Baikal,自然遺産,Russian Federation,RU,Europe and North America,53.17361111,107.6625,https://whc.unesco.org/document/113193,Lake Baikal (Russian Federation),https://whc.unesco.org/en/list/754
755,ポルト歴史地区,"Historic Centre of Oporto, Luiz I Bridge and Monastery of Serra do Pilar",文化遺産,Portugal,PT,Europe and North America,41.14166667,-8.616666667,https://whc.unesco.org/document/117968,Historic Centre of Oporto (Portugal),https://whc.unesco.org/en/list/755
757,スケリッグ・マイケル,Sceilg Mhichíl,文化遺産,Ireland,IE,Europe and North America,51.77194,-10.53861,https://whc.unesco.org/document/113256,Sceilg Mhichíl (Ireland),https://whc.unesco.org/en/list/757
758,パンノンハルマのベネディクト会修道院とその自然環境,Millenary Benedictine Abbey of Pannonhalma and its Natural Environment,文化遺産,Hungary,HU,Europe and North America,47.55889,17.78444,https://whc.unesco.org/document/209270,Millenary Benedictine Abbey of Pannonhalma and its Natural Environment.,https://whc.unesco.org/en/list/758
759,アムステルダムのディフェンス・ライン,Dutch Water Defence Lines,文化遺産,Netherlands (Kingdom of the),NL,Europe and North America,52.555,4.791388889,https://whc.unesco.org/document/172342,Dutch Water Defence Lines (extension of the Defence Line of Amsterdam). Fortified town of Gorinchem,https://whc.unesco.org/en/list/759
761,ジェームズ島と関連遺跡群,Kunta Kinteh Island and Related Sites,文化遺産,Gambia,GM,Africa,13.31616667,-16.35719444,https://whc.unesco.org/document/113270,James Island and Related Sites,https://whc.unesco.org/en/list/761
762,ルーレオーのガンメルスタードの教会街,"Church Town of Gammelstad, Luleå",文化遺産,Sweden,SE,Europe and North America,65.64611,22.02861,https://whc.unesco.org/document/113272,"Church Village of Gammelstad, Luleå",https://whc.unesco.org/en/list/762
763,レドニツェ-ヴァルティツェの文化的景観,Lednice-Valtice Cultural Landscape,文化遺産,Czechia,CZ,Europe and North America,48.74111944,16.75579444,https://whc.unesco.org/document/126788,Lednice-Valtice Cultural Landscape,https://whc.unesco.org/en/list/763
764,ベリーズのバリア・リーフ保護区,Belize Barrier Reef Reserve System,自然遺産,Belize,BZ,Latin America and the Caribbean,17.190549,-87.846213,https://whc.unesco.org/document/113281,Belize Barrier Reef Reserve System (Belize),https://whc.unesco.org/en/list/764
765,カムチャツカ火山群,Volcanoes of Kamchatka,自然遺産,Russian Federation,RU,Europe and North America,56.33333333,158.5,https://whc.unesco.org/document/113286,Volcanoes of Kamchatka (Russian Federation),https://whc.unesco.org/en/list/765
766,中央シホテ-アリン,Central Sikhote-Alin,自然遺産,Russian Federation,RU,Europe and North America,46.68333333,136.6611111,https://whc.unesco.org/document/166143,Views of Verkhnebikinsky Preserve,https://whc.unesco.org/en/list/766
768,アルタイのゴールデン・マウンテン,Golden Mountains of Altai,自然遺産,Russian Federation,RU,Europe and North America,50.46666667,86,https://whc.unesco.org/document/113325,Golden Mountains of Altai (Russian Federation),https://whc.unesco.org/en/list/768
769,ウヴス・ヌール盆地,Uvs Nuur Basin,自然遺産,"Mongolia,Russian Federation","MN, RU",Asia and the Pacific,50.275,92.71972222,https://whc.unesco.org/document/209376,Uvs Nuur Basin,https://whc.unesco.org/en/list/769
770,ミディ運河,Canal du Midi,文化遺産,France,FR,Europe and North America,43.61138889,1.416388889,https://whc.unesco.org/document/113347,Canal du Midi (France),https://whc.unesco.org/en/list/770
772,フェルテー湖/ノイジードラー湖の文化的景観,Fertö / Neusiedlersee Cultural Landscape,文化遺産,"Austria,Hungary","AT, HU",Europe and North America,47.71927778,16.72272222,https://whc.unesco.org/document/209238,Fertö / Neusiedlersee Cultural Landscape - Neusiedlersee Fertőboz Gloriett.,https://whc.unesco.org/en/list/772
773,ピレネー山脈-ペルデュ山,Pyrénées - Mont Perdu,複合遺産,"Spain,France","ES, FR",Europe and North America,42.68542,-0.0005,https://whc.unesco.org/document/113384,"Gavarnie Cirque. Pyrénées - Mont Perdu (France, Spain)",https://whc.unesco.org/en/list/773
774,ラポニアン・エリア,Laponian Area,複合遺産,Sweden,SE,Europe and North America,67.33333,17.58333,https://whc.unesco.org/document/138069,"Laponian Area, Sweden",https://whc.unesco.org/en/list/774
775,原爆ドーム,Hiroshima Peace Memorial (Genbaku Dome),文化遺産,Japan,JP,Asia and the Pacific,34.395556,132.453611,https://whc.unesco.org/document/111446,Hiroshima Peace Memorial (Genbaku Dome) (Japan),https://whc.unesco.org/en/list/775
776,厳島神社,Itsukushima Shinto Shrine,文化遺産,Japan,JP,Asia and the Pacific,34.29441667,132.3246389,https://whc.unesco.org/document/111473,Itsukushima Shinto Shrine (Japan),https://whc.unesco.org/en/list/776
777,ハフパトとサナヒンの修道院群,Monasteries of Haghpat and Sanahin,文化遺産,Armenia,AM,Europe and North America,41.095,44.71028,https://whc.unesco.org/document/209027,Monasteries of Haghpat and Sanahin. Monastery of Sanahin.,https://whc.unesco.org/en/list/777
778,廬山(ルーシャン)国立公園,Lushan National Park,文化遺産,China,CN,Asia and the Pacific,29.43333333,115.8666667,https://whc.unesco.org/document/127058,Lushan National Park,https://whc.unesco.org/en/list/778
779,峨眉山(オーメイシャン)と楽山(ローシャン)大仏,"Mount Emei Scenic Area, including Leshan Giant Buddha Scenic Area",複合遺産,China,CN,Asia and the Pacific,29.5449,103.76925,https://whc.unesco.org/document/111504,"Mount Emei Scenic Area, including Leshan Giant Buddha Scenic Area (China)",https://whc.unesco.org/en/list/779
780,エゲの古代遺跡(現在名ヴェルギナ),Archaeological Site of Aigai (modern name Vergina),文化遺産,Greece,GR,Europe and North America,40.47139,22.31833,https://whc.unesco.org/document/111512,Archaeological Site of Aigai (modern name Vergina),https://whc.unesco.org/en/list/780
781,歴史的城壁都市クエンカ,Historic Walled Town of Cuenca,文化遺産,Spain,ES,Europe and North America,40.07662,-2.13174,https://whc.unesco.org/document/127379,Historic Walled Town of Cuenca,https://whc.unesco.org/en/list/781
782,バレンシアのラ・ロンハ・デ・ラ・セダ,La Lonja de la Seda de Valencia,文化遺産,Spain,ES,Europe and North America,39.47441667,-0.378444444,https://whc.unesco.org/document/127393,La Lonja de la Seda de Valencia,https://whc.unesco.org/en/list/782
783,アイスレーベンとヴィッテンベルクにあるルターの記念建造物群,Luther Memorials in Eisleben and Wittenberg,文化遺産,Germany,DE,Europe and North America,51.86472,12.65278,,,https://whc.unesco.org/en/list/783
784,ザルツブルク市街の歴史地区,Historic Centre of the City of Salzburg,文化遺産,Austria,AT,Europe and North America,47.80055556,13.04333333,https://whc.unesco.org/document/111535,Historic Centre of the City of Salzburg (Austria),https://whc.unesco.org/en/list/784
785,ゼメリング鉄道,Semmering Railway,文化遺産,Austria,AT,Europe and North America,47.64877778,15.82797222,https://whc.unesco.org/document/124536,Semmering Railway,https://whc.unesco.org/en/list/785
786,シェーンブルン宮殿と庭園群,Palace and Gardens of Schönbrunn,文化遺産,Austria,AT,Europe and North America,48.18666667,16.31333333,https://whc.unesco.org/document/124533,Palace and Gardens of Schönbrunn (Austria),https://whc.unesco.org/en/list/786
787,アルベロベッロのトゥルッリ,The <I>Trulli</I> of Alberobello,文化遺産,Italy,IT,Europe and North America,40.7825,17.23694,https://whc.unesco.org/document/223051,The Trulli of Alberobello,https://whc.unesco.org/en/list/787
788,ラヴェンナの初期キリスト教建築物群,Early Christian Monuments of Ravenna,文化遺産,Italy,IT,Europe and North America,44.42041667,12.19625,https://whc.unesco.org/document/223064,Early Christian Monuments of Ravenna,https://whc.unesco.org/en/list/788
789,ピエンツァ市街の歴史地区,Historic Centre of the City of Pienza,文化遺産,Italy,IT,Europe and North America,43.07694444,11.67861111,https://whc.unesco.org/document/111586,Historic Centre of the City of Pienza (Italy),https://whc.unesco.org/en/list/789
791,古代都市ウシュマル,Pre-Hispanic Town of Uxmal,文化遺産,Mexico,MX,Latin America and the Caribbean,20.36166667,-89.77027778,https://whc.unesco.org/document/111625,"Monuments of the city, Uxmal",https://whc.unesco.org/en/list/791
792,ケレタロの歴史史跡地区,Historic Monuments Zone of Querétaro,文化遺産,Mexico,MX,Latin America and the Caribbean,20.593292,-100.392135,https://whc.unesco.org/document/111654,"Historic town of Santiago de Queretaro, Fuente de Neptuno (Neptune’s Fountain), Province of Queretaro, Mexico, UNESCO World Heritage Site 
Ville Historique de Santiago de Queretaro, Fuente de Neptuno (Fontaine de Neptune), Etat de Queretaro, Mexique, Site du Patrimoine Mondial de l’UNESCO 
Historische Stadt Santiago de Queretaro, Fuente de Neptuno (Neptun Fontäne, Fontaene), Provinz Queretaro, Mexiko, Welterbe der UNESCO",https://whc.unesco.org/en/list/792
793,古都メクネス,Historic City of Meknes,文化遺産,Morocco,MA,Arab States,33.88333,-5.55833,https://whc.unesco.org/document/111669,Historic City of Meknes (Morocco),https://whc.unesco.org/en/list/793
794,ドゥッガ/トゥッガ,Dougga / Thugga,文化遺産,Tunisia,TN,Arab States,36.42361,9.22028,https://whc.unesco.org/document/111751,Dougga / Thugga (Tunisia),https://whc.unesco.org/en/list/794
795,河港都市グリニッジ,Maritime Greenwich,文化遺産,United Kingdom of Great Britain and Northern Ireland,GB,Europe and North America,51.48116667,-0.003777778,https://whc.unesco.org/document/111767,Maritime Greenwich (United Kingdom of Great Britain and Northern Ireland),https://whc.unesco.org/en/list/795
797,ヴェローナ市,City of Verona,文化遺産,Italy,IT,Europe and North America,45.43861111,10.99388889,https://whc.unesco.org/document/111804,City of Verona (Italy),https://whc.unesco.org/en/list/797
798,シュンドルボン,The Sundarbans,自然遺産,Bangladesh,BD,Asia and the Pacific,21.95,89.18333,https://whc.unesco.org/document/111806,The Sundarbans,https://whc.unesco.org/en/list/798
800,ケニア山国立公園/自然林,Mount Kenya National Park/Natural Forest,自然遺産,Kenya,KE,Africa,-0.155,37.31555556,https://whc.unesco.org/document/125210,Mount Kenya National Park/Natural Forest,https://whc.unesco.org/en/list/800
801,トゥルカナ湖国立公園群,Lake Turkana National Parks,自然遺産,Kenya,KE,Africa,3.051305556,36.50366667,https://whc.unesco.org/document/111824,"South Island of Lake Turkana, Kenya",https://whc.unesco.org/en/list/801
803,ラス・メドゥラス,Las Médulas,文化遺産,Spain,ES,Europe and North America,42.46939,-6.77075,https://whc.unesco.org/document/111826,Las Médulas,https://whc.unesco.org/en/list/803
804,バルセロナのカタルーニャ音楽堂とサン・パウ病院,"Palau de la Música Catalana and Hospital de Sant Pau, Barcelona",文化遺産,Spain,ES,Europe and North America,41.38778,2.175,https://whc.unesco.org/document/111832,"Palau de la Música Catalana and Hospital de Sant Pau, Barcelona (Spain)",https://whc.unesco.org/en/list/804
805,サン・ミジャン・ユソとサン・ミジャン・スソの修道院群,San Millán Yuso and Suso Monasteries,文化遺産,Spain,ES,Europe and North America,42.32586,-2.86496,https://whc.unesco.org/document/111857,San Millán Yuso and Suso Monasteries,https://whc.unesco.org/en/list/805
806,ハルシュタット-ダッハシュタイン・ザルツカンマーグートの文化的景観,Hallstatt-Dachstein / Salzkammergut Cultural Landscape,文化遺産,Austria,AT,Europe and North America,47.55944444,13.64638889,https://whc.unesco.org/document/111859,Hallstatt-Dachstein / Salzkammergut Cultural Landscape,https://whc.unesco.org/en/list/806
809,ポレッチ歴史地区のエウフラシウス聖堂建築群,Episcopal Complex of the Euphrasian Basilica in the Historic Centre of Poreč,文化遺産,Croatia,HR,Europe and North America,45.22858333,13.59333333,https://whc.unesco.org/document/126560,Episcopal Complex of the Euphrasian Basilica in the Historic Centre of Poreč (Croatia),https://whc.unesco.org/en/list/809
810,古都トロギール,Historic City of Trogir,文化遺産,Croatia,HR,Europe and North America,43.51708333,16.25136111,https://whc.unesco.org/document/111865,Historic City of Trogir (Croatia),https://whc.unesco.org/en/list/810
811,麗江(リジャン)旧市街,Old Town of Lijiang,文化遺産,China,CN,Asia and the Pacific,26.86667,100.23333,https://whc.unesco.org/document/209070,Old Town of Lijiang,https://whc.unesco.org/en/list/811
812,古都平遥(ピンイャウ),Ancient City of Ping Yao,文化遺産,China,CN,Asia and the Pacific,37.20139,112.15444,https://whc.unesco.org/document/111901,Ancient City of Ping Yao (China),https://whc.unesco.org/en/list/812
813,蘇州古典園林(スゥツォグデンイェンリン),Classical Gardens of Suzhou,文化遺産,China,CN,Asia and the Pacific,31.31666667,120.45,https://whc.unesco.org/document/126008,Classical Gardens of Suzhou (China),https://whc.unesco.org/en/list/813
814,モーン・トロワ・ピトンズ国立公園,Morne Trois Pitons National Park,自然遺産,Dominica,DM,Latin America and the Caribbean,15.331113,-61.30661,https://whc.unesco.org/document/111955,Morne Trois Pitons National Park (Dominica),https://whc.unesco.org/en/list/814
815,グアダラハラのオスピシオ・カバーニャス,"Hospicio Cabañas, Guadalajara",文化遺産,Mexico,MX,Latin America and the Caribbean,20.676888,-103.337798,https://whc.unesco.org/document/111964,"Hospicio Cabañas, Guadalajara",https://whc.unesco.org/en/list/815
816,昌徳宮(チャンドックン),Changdeokgung Palace Complex,文化遺産,Republic of Korea,KR,Asia and the Pacific,37.57888889,126.9911111,https://whc.unesco.org/document/127828,Changdeokgung Palace Complex,https://whc.unesco.org/en/list/816
817,華城(ファソン),Hwaseong Fortress,文化遺産,Republic of Korea,KR,Asia and the Pacific,37.27222,127.00833,https://whc.unesco.org/document/111970,Hwaseong Fortress,https://whc.unesco.org/en/list/817
818,キンデルダイク-エルスハウトの風車群,Mill Network at Kinderdijk-Elshout,文化遺産,Netherlands (Kingdom of the),NL,Europe and North America,51.8825,4.649444444,https://whc.unesco.org/document/130715,Mill Network at Kinderdijk-Elshout,https://whc.unesco.org/en/list/818
819,港町ヴィレムスタット歴史地域,"Historic Area of Willemstad, Inner City and Harbour, Curaçao",文化遺産,Netherlands (Kingdom of the),NL,Europe and North America,12.10194,-68.90222,https://whc.unesco.org/document/139152,"Historic Area of Willemstad, Inner City and Harbour, Curaçao",https://whc.unesco.org/en/list/819
820,ココ島国立公園,Cocos Island National Park,自然遺産,Costa Rica,CR,Latin America and the Caribbean,5.533333333,-87.06666667,https://whc.unesco.org/document/111985,Cocos Island National Park,https://whc.unesco.org/en/list/820
821,サン・ルイス歴史地区,Historic Centre of São Luís,文化遺産,Brazil,BR,Latin America and the Caribbean,-2.530054,-44.303369,https://whc.unesco.org/document/120652,Historic Centre of São Luís,https://whc.unesco.org/en/list/821
822,タリン歴史地区(旧市街),Historic Centre (Old Town) of Tallinn,文化遺産,Estonia,EE,Europe and North America,59.437,24.74,https://whc.unesco.org/document/112009,Historic Centre (Old Town) of Tallinn (Estonia),https://whc.unesco.org/en/list/822
823,サヴォイア王家の王宮群,Residences of the Royal House of Savoy,文化遺産,Italy,IT,Europe and North America,45.07253,7.68572,https://whc.unesco.org/document/112019,Residences of the Royal House of Savoy (Italy),https://whc.unesco.org/en/list/823
824,パドヴァの植物園(オルト・ボタニコ),"Botanical Garden (Orto Botanico), Padua",文化遺産,Italy,IT,Europe and North America,45.39911111,11.88066667,https://whc.unesco.org/document/159573,"Botanical Garden (Orto Botanico), Padua",https://whc.unesco.org/en/list/824
825,アクイレイアの遺跡地域と総主教聖堂バシリカ,Archaeological Area and the Patriarchal Basilica of Aquileia,文化遺産,Italy,IT,Europe and North America,45.76833333,13.3675,https://whc.unesco.org/document/112036,Archaeological Area and the Patriarchal Basilica of Aquileia (Italy),https://whc.unesco.org/en/list/825
826,ポルトヴェネーレ、チンクエ・テッレ(リオマッジョーレ、マナローラ、コルニリア、ヴェルナッツァ、モンテロッソ・アル・マーレ)及び小島群(パルマリア、ティーノ及びティネット島),"Portovenere, Cinque Terre, and the Islands (Palmaria, Tino and Tinetto)",文化遺産,Italy,IT,Europe and North America,44.10694,9.72917,https://whc.unesco.org/document/112072,"Portovenere, Cinque Terre, and the Islands (Palmaria, Tino and Tinetto) (Italy)",https://whc.unesco.org/en/list/826
827,モデナの大聖堂、トッレ・チヴィカ及びグランデ広場,"Cathedral, Torre Civica and Piazza Grande, Modena",文化遺産,Italy,IT,Europe and North America,44.64624,10.92568,https://whc.unesco.org/document/112087,"Cathedral, Torre Civica and Piazza Grande, Modena (Italy)",https://whc.unesco.org/en/list/827
828,ウルビーノ歴史地区,Historic Centre of Urbino,文化遺産,Italy,IT,Europe and North America,43.725,12.63333,https://whc.unesco.org/document/112089,Historic Centre of Urbino (Italy),https://whc.unesco.org/en/list/828
829,ポンペイ、エルコラーノ及びトッレ・アヌンツィアータの遺跡地域,"Archaeological Areas of Pompei, Herculaneum and Torre Annunziata",文化遺産,Italy,IT,Europe and North America,40.75,14.48333333,https://whc.unesco.org/document/112117,Pompei,https://whc.unesco.org/en/list/829
830,アマルフィ海岸,Costiera Amalfitana,文化遺産,Italy,IT,Europe and North America,40.63333333,14.60277778,https://whc.unesco.org/document/112203,Costiera Amalfitana (Italy),https://whc.unesco.org/en/list/830
831,アグリジェントの遺跡地域,Archaeological Area of Agrigento,文化遺産,Italy,IT,Europe and North America,37.28972222,13.59333333,https://whc.unesco.org/document/112236,Archaeological Area of Agrigento (Italy),https://whc.unesco.org/en/list/831
832,ヴィッラ・ロマーナ・デル・カサーレ,Villa Romana del Casale,文化遺産,Italy,IT,Europe and North America,37.36611,14.33417,https://whc.unesco.org/document/112258,Villa Romana del Casale (Italy),https://whc.unesco.org/en/list/832
833,スー・ヌラージ・ディ・バルーミニ,Su Nuraxi di Barumini,文化遺産,Italy,IT,Europe and North America,39.70583333,8.991388889,https://whc.unesco.org/document/112270,Su Nuraxi di Barumini (Italy),https://whc.unesco.org/en/list/833
835,中世都市トルニ,Medieval Town of Toruń,文化遺産,Poland,PL,Europe and North America,53.01055556,18.60416667,https://whc.unesco.org/document/123684,Medieval Town of Torun,https://whc.unesco.org/en/list/835
836,ヴォルビリスの古代遺跡,Archaeological Site of Volubilis,文化遺産,Morocco,MA,Arab States,34.07389,-5.55694,https://whc.unesco.org/document/112297,Basilica and Capitol,https://whc.unesco.org/en/list/836
837,テトゥアン旧市街(旧名ティタウィン),Medina of Tétouan (formerly known as Titawin),文化遺産,Morocco,MA,Arab States,35.57083,-5.36667,https://whc.unesco.org/document/112349,Jbel Dersa,https://whc.unesco.org/en/list/837
839,アレハンドロ・デ・フンボルト国立公園,Alejandro de Humboldt National Park,自然遺産,Cuba,CU,Latin America and the Caribbean,20.45,-75,https://whc.unesco.org/document/112396,Alejandro de Humboldt National Park (Cuba),https://whc.unesco.org/en/list/839
840,ビニャーレス渓谷,Viñales Valley,文化遺産,Cuba,CU,Latin America and the Caribbean,22.61667,-83.71667,https://whc.unesco.org/document/112435,Viñales Valley (Cuba),https://whc.unesco.org/en/list/840
841,サンティアゴ・デ・クーバのサン・ペドロ・デ・ラ・ロカ城,"San Pedro de la Roca Castle, Santiago de Cuba",文化遺産,Cuba,CU,Latin America and the Caribbean,19.968446,-75.870441,https://whc.unesco.org/document/120296,"San Pedro de la Roca Castle, Santiago de Cuba (Cuba)",https://whc.unesco.org/en/list/841
842,パエストゥムとヴェリアの古代遺跡群を含むチレントとディアノ渓谷国立公園とパドゥーラのカルトゥジオ修道院,"Cilento and Vallo di Diano National Park with the Archeological Sites of Paestum and Velia, and the Certosa di Padula",文化遺産,Italy,IT,Europe and North America,40.28333333,15.26666667,https://whc.unesco.org/document/112485,Paestum,https://whc.unesco.org/en/list/842
846,古典主義の都ヴァイマール,Classical Weimar,文化遺産,Germany,DE,Europe and North America,50.9775,11.32861,https://whc.unesco.org/document/181085,"Schloss Belvedere, Park, Orangerie",https://whc.unesco.org/en/list/846
847,マルボルクのドイツ騎士団の城,Castle of the Teutonic Order in Malbork,文化遺産,Poland,PL,Europe and North America,54.041,19.02972222,https://whc.unesco.org/document/128401,Castle of the Teutonic Order in Malbork (Poland),https://whc.unesco.org/en/list/847
848,キロキティア,Choirokoitia,文化遺産,Cyprus,CY,Europe and North America,34.79674067,33.34394315,https://whc.unesco.org/document/112549,Choirokoitia (Cyprus),https://whc.unesco.org/en/list/848
849,トロイの古代遺跡,Archaeological Site of Troy,文化遺産,Türkiye,TR,Europe and North America,39.95644,26.239,https://whc.unesco.org/document/131525,Archaeological Site of Troy (Turkey),https://whc.unesco.org/en/list/849
850,カディーシャ渓谷(聖なる谷)と神のスギの森(ホルシュ・アルツ・エル-ラーブ),Ouadi Qadisha (the Holy Valley) and the Forest of the Cedars of God (Horsh Arz el-Rab),文化遺産,Lebanon,LB,Arab States,34.25388889,36.95111111,https://whc.unesco.org/document/118095,Ouadi Qadisha (the Holy Valley) and the Forest of the Cedars of God (Horsh Arz el-Rab) (Lebanon),https://whc.unesco.org/en/list/850
852,リガ歴史地区,Historic Centre of Riga,文化遺産,Latvia,LV,Europe and North America,56.95417,24.11667,https://whc.unesco.org/document/155451,Historic Centre of Riga (Latvia),https://whc.unesco.org/en/list/852
853,ペーチ(ソピアネ)にある初期キリスト教墓地遺跡,Early Christian Necropolis of Pécs (Sopianae),文化遺産,Hungary,HU,Europe and North America,46.07444,18.22778,https://whc.unesco.org/document/209262,Early Christian Necropolis of Pécs (Sopianae) - The Wine Pitcher Burial Chamber.,https://whc.unesco.org/en/list/853
854,東レンネル,East Rennell,自然遺産,Solomon Islands,SB,Asia and the Pacific,-11.68333,160.33333,https://whc.unesco.org/document/175097,East Rennell (Solomon Islands),https://whc.unesco.org/en/list/854
855,フランドル地方のベギン会修道院,Flemish Béguinages,文化遺産,Belgium,BE,Europe and North America,51.03097222,4.47375,https://whc.unesco.org/document/129136,Flemish Béguinages (Belgium),https://whc.unesco.org/en/list/855
856,中央運河にかかる4機の水力式リフトとその周辺のラ・ルヴィエール及びル・ルー(エノー),"The Four Lifts on the Canal du Centre and their Environs, La Louvière and Le Roeulx (Hainaut)",文化遺産,Belgium,BE,Europe and North America,50.48111,4.13722,https://whc.unesco.org/document/112706,"The Four Lifts on the Canal du Centre and their Environs, La Louvière and Le Roeulx (Hainaut) (Belgium)",https://whc.unesco.org/en/list/856
857,ブリュッセルのグラン-プラス,"La Grand-Place, Brussels",文化遺産,Belgium,BE,Europe and North America,50.84668,4.35242,https://whc.unesco.org/document/112722,"La Grand-Place, Brussels (Belgium)",https://whc.unesco.org/en/list/857
859,オロモウツの聖三位一体柱,Holy Trinity Column in Olomouc,文化遺産,Czechia,CZ,Europe and North America,49.59393611,17.25045833,https://whc.unesco.org/document/182093,Holy Trinity Column in Olomouc,https://whc.unesco.org/en/list/859
860,クロミェルジーシュの庭園群と城,Gardens and Castle at Kroměříž,文化遺産,Czechia,CZ,Europe and North America,49.3,17.37722222,https://whc.unesco.org/document/143748,Gardens and Castle at Kroměříž,https://whc.unesco.org/en/list/860
861,ホラショヴィツェの歴史地区,Holašovice Historic Village,文化遺産,Czechia,CZ,Europe and North America,48.96963889,14.27261111,https://whc.unesco.org/document/112755,Holašovice Historic Village (Czech Republic),https://whc.unesco.org/en/list/861
862,トラコタルパンの歴史遺跡地帯,Historic Monuments Zone of Tlacotalpan,文化遺産,Mexico,MX,Latin America and the Caribbean,18.613459,-95.658676,https://whc.unesco.org/document/128179,Historic Monuments Zone of Tlacotalpan,https://whc.unesco.org/en/list/862
863,サンタ・アナ・デ・ロス・リオス・クエンカの歴史地区,Historic Centre of Santa Ana de los Ríos de Cuenca,文化遺産,Ecuador,EC,Latin America and the Caribbean,-2.897447,-79.004382,https://whc.unesco.org/document/120716,Historic Centre of Santa Ana de los Ríos de Cuenca,https://whc.unesco.org/en/list/863
865,リヴィフ歴史地区,L'viv – the Ensemble of the Historic Centre,文化遺産,Ukraine,UA,Europe and North America,49.84163,24.03198,https://whc.unesco.org/document/120237,L'viv – the Ensemble of the Historic Centre (Ukraine),https://whc.unesco.org/en/list/865
866,コア渓谷とセイガ・ヴェルデの先史時代のロック-アート遺跡群,Prehistoric Rock Art Sites in the Côa Valley and Siega Verde,文化遺産,"Spain,Portugal","ES, PT",Europe and North America,40.6975,-6.661111111,https://whc.unesco.org/document/112786,"Prehistoric Rock Art Sites in the Côa Valley and Siega Verde (Portugal, Spain)",https://whc.unesco.org/en/list/866
867,IR.D.F.ヴァウダヘマール(D.F.ヴァウダ蒸気水揚),Ir.D.F. Woudagemaal (D.F. Wouda Steam Pumping Station),文化遺産,Netherlands (Kingdom of the),NL,Europe and North America,52.84583,5.67889,https://whc.unesco.org/document/112795,Ir.D.F. Woudagemaal (D.F. Wouda Steam Pumping Station),https://whc.unesco.org/en/list/867
868,フランスのサンティアゴ・デ・コンポステーラの巡礼路,Routes of Santiago de Compostela in France,文化遺産,France,FR,Europe and North America,48.85797222,2.348916667,https://whc.unesco.org/document/112801,Western front of Cathedral Our Lady - Le Puy-en-Velay. Routes of Santiago de Compostela in France (France),https://whc.unesco.org/en/list/868
870,古都奈良の文化財,Historic Monuments of Ancient Nara,文化遺産,Japan,JP,Asia and the Pacific,34.67555556,135.8394444,https://whc.unesco.org/document/112858,Historic Monuments of Ancient Nara (Japan),https://whc.unesco.org/en/list/870
871,カールスクローナの軍港,Naval Port of Karlskrona,文化遺産,Sweden,SE,Europe and North America,56.16667,15.58333,https://whc.unesco.org/document/130577,Naval Port of Karlskrona,https://whc.unesco.org/en/list/871
872,リヨン歴史地区,Historic Site of Lyon,文化遺産,France,FR,Europe and North America,45.76722,4.83333,https://whc.unesco.org/document/112903,Basilica Notre-Dame de Fourvière in the « Vieux-Lyon » district ; Part of the UNESCO World Heritage ; FranceBasilique Notre-Dame de Fourvière dans le quartier du « Vieux-Lyon ; inscrit sur la liste du Patrimoine Mondial de l’UNESCO ; FranceBasilika Notre-Dame de Fourvière im Altstadtviertel « Vieux-Lyon » ; Welterbe UNESCO; Frankreich,https://whc.unesco.org/en/list/872
873,中世市場都市プロヴァンス,"Provins, Town of Medieval Fairs",文化遺産,France,FR,Europe and North America,48.55972222,3.298888889,https://whc.unesco.org/document/112985,"Provins, Town of Medieval Fairs (France)",https://whc.unesco.org/en/list/873
874,イベリア半島の地中海入り江のロック・アート,Rock Art of the Mediterranean Basin on the Iberian Peninsula,文化遺産,Spain,ES,Europe and North America,39.78995,-1.03331,https://whc.unesco.org/document/112989,"Pietat d'Ulldecona, detail of Abric number 1",https://whc.unesco.org/en/list/874
875,タラゴーナの遺跡群,Archaeological Ensemble of Tarraco,文化遺産,Spain,ES,Europe and North America,41.11472222,1.259305556,https://whc.unesco.org/document/127474,Archaeological Ensemble of Tarraco,https://whc.unesco.org/en/list/875
876,アルカラ・デ・エナレスの大学と歴史地区,University and Historic Precinct of Alcalá de Henares,文化遺産,Spain,ES,Europe and North America,40.48138889,-3.368055556,https://whc.unesco.org/document/112993,University and Historic Precinct of Alcalá de Henares (Spain),https://whc.unesco.org/en/list/876
877,ニュージーランドの亜南極諸島,New Zealand Sub-Antarctic Islands,自然遺産,New Zealand,NZ,Asia and the Pacific,-50.75,166.1044444,https://whc.unesco.org/document/113023,"Auckland Island Shag colony, Enderby Island in the Auckland Islands, New Zealand
Colonie de Cormoran des îles Auckland, Ile Enderby dans les Iles Auckland, Nouvelle Zélande
Aucklandscharbe, Kolonie, Enderby Insel in den Auckland Inseln, Neuseeland
Leucocarbo colensoi
Phalacrocorax colensoi
Phalacrocoracidae Family",https://whc.unesco.org/en/list/877
880,頤和園(イホウイワン)、北京(ベイジン)の皇帝の庭園,"Summer Palace, an Imperial Garden in Beijing",文化遺産,China,CN,Asia and the Pacific,39.91055556,116.1411111,https://whc.unesco.org/document/209073,"Summer Palace, an Imperial Garden in Beijing",https://whc.unesco.org/en/list/880
881,天壇(ティエンタン):北京(ベイジン)の皇帝の廟壇,Temple of Heaven: an Imperial Sacrificial Altar in Beijing,文化遺産,China,CN,Asia and the Pacific,39.84555556,116.4447222,https://whc.unesco.org/document/113084,Temple of Heaven: an Imperial Sacrificial Altar in Beijing (China),https://whc.unesco.org/en/list/881
883,サマイパタの砦,Fuerte de Samaipata,文化遺産,Bolivia (Plurinational State of),BO,Latin America and the Caribbean,-18.178323,-63.820485,https://whc.unesco.org/document/124908,Fuerte de Samaipata (Bolivia (Plurinational State of)),https://whc.unesco.org/en/list/883
884,ベリンツォーナ旧市街にある3つの城、要塞及び城壁,"Three Castles, Defensive Wall and Ramparts of the Market-Town of Bellinzona",文化遺産,Switzerland,CH,Europe and North America,46.19314,9.02242,https://whc.unesco.org/document/174933,"Three Castles, Defensive Wall and Ramparts of the Market-Town of Bellinzona",https://whc.unesco.org/en/list/884
885,シャフリサブス歴史地区,Historic Centre of Shakhrisyabz,文化遺産,Uzbekistan,UZ,Asia and the Pacific,39.05,66.83333,https://whc.unesco.org/document/113163,Historic Centre of Shakhrisyabz (Uzbekistan),https://whc.unesco.org/en/list/885
886,国立歴史文化公園「古代メルフ」,State Historical and Cultural Park “Ancient Merv”,文化遺産,Turkmenistan,TM,Asia and the Pacific,37.70083,62.1775,https://whc.unesco.org/document/113176,State Historical and Cultural Park Ancient Merv,https://whc.unesco.org/en/list/886
887,クックの初期農耕遺跡,Kuk Early Agricultural Site,文化遺産,Papua New Guinea,PG,Asia and the Pacific,-5.783711111,144.3317222,https://whc.unesco.org/document/203844,Kuk Early Agricultural Site,https://whc.unesco.org/en/list/887
889,グランマ号上陸記念国立公園,Desembarco del Granma National Park,自然遺産,Cuba,CU,Latin America and the Caribbean,19.88333,-77.63333,https://whc.unesco.org/document/113184,Desembarco del Granma National Park,https://whc.unesco.org/en/list/889
890,ディアマンティーナ歴史地区,Historic Centre of the Town of Diamantina,文化遺産,Brazil,BR,Latin America and the Caribbean,-18.244776,-43.59768,https://whc.unesco.org/document/113186,"Festa de Nossa Senhora do Rosario dos Homens Pretos de Diamantina
Religious Festival of the black people of Diamantina, Dance and Music, Minas Gerais, Brazil
Fête religieuse des hommes noirs de Diamantina, Musique et Danses, Minas Gerais, Brésil,
Kirchliche Feier der schwarzen Bevölkerung, Bevoelkerung von Diamantina, Musik und Tanz, Minas Gerais, Brasilien",https://whc.unesco.org/en/list/890
892,ディスカヴァリー・コースト大西洋岸森林保護区群,Discovery Coast Atlantic Forest Reserves,自然遺産,Brazil,BR,Latin America and the Caribbean,-16.5,-39.25,https://whc.unesco.org/document/113208,Discovery Coast Atlantic Forest Reserves,https://whc.unesco.org/en/list/892
893,サウス-イースト大西洋岸森林保護区群,Atlantic Forest South-East Reserves,自然遺産,Brazil,BR,Latin America and the Caribbean,-24.16667,-48,https://whc.unesco.org/document/113213,Atlantic Forest South-East Reserves,https://whc.unesco.org/en/list/893
895,カンペチェ歴史的要塞都市,Historic Fortified Town of Campeche,文化遺産,Mexico,MX,Latin America and the Caribbean,19.84639,-90.53722,https://whc.unesco.org/document/128115,Historic Fortified Town of Campeche (Mexico),https://whc.unesco.org/en/list/895
896,ベルリンのムゼウムスインゼル(博物館島),"Museumsinsel (Museum Island), Berlin",文化遺産,Germany,DE,Europe and North America,52.51972222,13.39861111,https://whc.unesco.org/document/131617,"Museumsinsel (Museum Island), Berlin",https://whc.unesco.org/en/list/896
897,ヴァルトブルク城,Wartburg Castle,文化遺産,Germany,DE,Europe and North America,50.96677778,10.307,https://whc.unesco.org/document/131645,Wartburg Castle,https://whc.unesco.org/en/list/897
898,ハイ・コースト/クヴァルケン群島,High Coast / Kvarken Archipelago,自然遺産,"Sweden,Finland","SE, FI",Europe and North America,63.3,21.3,https://whc.unesco.org/document/113242,Björköby - Finland,https://whc.unesco.org/en/list/898
899,ドゥローフマーケライ・デ・ベームステル(ベームステル干拓地),Droogmakerij de Beemster (Beemster Polder),文化遺産,Netherlands (Kingdom of the),NL,Europe and North America,52.54888889,4.911111111,https://whc.unesco.org/document/113250,Droogmakerij de Beemster (Beemster Polder),https://whc.unesco.org/en/list/899
900,西コーカサス山脈,Western Caucasus,自然遺産,Russian Federation,RU,Europe and North America,44,40,https://whc.unesco.org/document/113251,"Lago-Naki, Adygeya",https://whc.unesco.org/en/list/900
901,リトミシュル城,Litomyšl Castle,文化遺産,Czechia,CZ,Europe and North America,49.87361,16.31444,https://whc.unesco.org/document/169352,Litomyšl Castle,https://whc.unesco.org/en/list/901
902,シギショアラ歴史地区,Historic Centre of Sighişoara,文化遺産,Romania,RO,Europe and North America,46.21777778,24.79222222,https://whc.unesco.org/document/120220,Historic Centre of Sighisoara,https://whc.unesco.org/en/list/902
904,マラムレシュ地方の木造教会群,Wooden Churches of Maramureş,文化遺産,Romania,RO,Europe and North America,47.82083333,24.05583333,https://whc.unesco.org/document/113263,"Wood Church of Saint Nicholas in Budesti, 1643",https://whc.unesco.org/en/list/904
905,カルヴァリア・ゼブジトフスカ:マニエリスム様式の建築と公園の景観複合体と巡礼公園,Kalwaria Zebrzydowska: the Mannerist Architectural and Park Landscape Complex and Pilgrimage Park,文化遺産,Poland,PL,Europe and North America,49.86668,19.676361,https://whc.unesco.org/document/113269,Kalwaria Zebrzydowska: the Mannerist Architectural and Park Landscape Complex and Pilgrimage Park (Poland),https://whc.unesco.org/en/list/905
906,オラシュチエ山脈のダキア人の要塞群,Dacian Fortresses of the Orastie Mountains,文化遺産,Romania,RO,Europe and North America,45.62305556,23.31194444,https://whc.unesco.org/document/113287,Dacian Fortresses of the Orastie Mountains,https://whc.unesco.org/en/list/906
907,ヴィッラ・アドリアーナ(ティヴォリ),Villa Adriana (Tivoli),文化遺産,Italy,IT,Europe and North America,41.94416667,12.77197222,https://whc.unesco.org/document/130935,Villa Adriana (Tivoli),https://whc.unesco.org/en/list/907
908,エオリア諸島,Isole Eolie (Aeolian Islands),自然遺産,Italy,IT,Europe and North America,38.48786111,14.94558333,https://whc.unesco.org/document/113293,Isole Eolie (Aeolian Islands) (Italy),https://whc.unesco.org/en/list/908
910,ブリムストーン・ヒル要塞国立公園,Brimstone Hill Fortress National Park,文化遺産,Saint Kitts and Nevis,KN,Latin America and the Caribbean,17.34694,-62.83722,https://whc.unesco.org/document/113303,Brimstone Hill Fortress National Park,https://whc.unesco.org/en/list/910
911,武夷山(ウイシャン),Mount Wuyi,複合遺産,China,CN,Asia and the Pacific,27.72638889,117.7252778,https://whc.unesco.org/document/113305,"Mount Wuyi, Stone inscriptions at Fuhu Rock (Song to Qing dynasties)",https://whc.unesco.org/en/list/911
912,大足石刻(ダァズシク),Dazu Rock Carvings,文化遺産,China,CN,Asia and the Pacific,29.70111,105.705,https://whc.unesco.org/document/209086,The Thousand Armed Guanyin of Dazu Rock Carvings.,https://whc.unesco.org/en/list/912
913,日光の社寺,Shrines and Temples of Nikko,文化遺産,Japan,JP,Asia and the Pacific,36.7475,139.6105556,https://whc.unesco.org/document/128575,Shrines and Temples of Nikko,https://whc.unesco.org/en/list/913
914,グイシマンガリソ湿地公園,iSimangaliso Wetland Park – Maputo National Park,自然遺産,"Mozambique,South Africa","MZ, ZA",Africa,-27.83888889,32.55,https://whc.unesco.org/document/219826,"(Extension 47 COM) Maputo National Park offers a unique bush/beach experience from pristine beaches to
terrestrial wildernes",https://whc.unesco.org/en/list/914
915,スタークフォンテン、スワートクランズ、クロムドライの人類化石遺跡群及び周辺地域,Fossil Hominid Sites of South Africa,文化遺産,South Africa,ZA,Africa,-24.15861,29.17694,https://whc.unesco.org/document/113350,Fossil Hominid Sites of South Africa (South Africa),https://whc.unesco.org/en/list/915
916,ロベン島,Robben Island,文化遺産,South Africa,ZA,Africa,-33.8,18.36666667,https://whc.unesco.org/document/113362,Robben Island (South Africa),https://whc.unesco.org/en/list/916
917,グレーター・ブルー・マウンテンズ地域,Greater Blue Mountains Area,自然遺産,Australia,AU,Asia and the Pacific,-33.7,150,https://whc.unesco.org/document/113398,"Blue Mountains, Three Sisters Hanging Rock",https://whc.unesco.org/en/list/917
922,,"Rani-ki-Vav (the Queen’s Stepwell) at Patan, Gujarat",文化遺産,India,IN,Asia and the Pacific,23.85888889,72.10166667,https://whc.unesco.org/document/129660,"Rani-ki-Vav (The Queen’s Stepwell) at Patan, Gujarat",https://whc.unesco.org/en/list/922
925,ビンベットカのロック・シェルター群,Rock Shelters of Bhimbetka,文化遺産,India,IN,Asia and the Pacific,22.92777778,77.58333333,https://whc.unesco.org/document/113402,Rock Shelters of Bhimbetka,https://whc.unesco.org/en/list/925
927,,Ancient Buddhist Site of Sarnath,文化遺産,India,IN,Asia and the Pacific,,,https://whc.unesco.org/document/220772,Lion Capital of the Ashokan Pillar during excavation,https://whc.unesco.org/en/list/927
928,グアナカステ保全地域,Area de Conservación Guanacaste,自然遺産,Costa Rica,CR,Latin America and the Caribbean,10.85,-85.61666667,https://whc.unesco.org/document/124375,Aera de Conservación de Guanacaste,https://whc.unesco.org/en/list/928
929,サン・クリストバル・デ・ラ・ラグナ,San Cristóbal de La Laguna,文化遺産,Spain,ES,Europe and North America,28.47788889,-16.31177778,https://whc.unesco.org/document/113406,San Cristóbal de La Laguna,https://whc.unesco.org/en/list/929
930,エルチェの椰子園,Palmeral of Elche,文化遺産,Spain,ES,Europe and North America,38.26666667,-0.716666667,https://whc.unesco.org/document/180468,Palmeral of Elche,https://whc.unesco.org/en/list/930
931,グラーツ市歴史地区とエッゲンベルグ城,City of Graz – Historic Centre and Schloss Eggenberg,文化遺産,Austria,AT,Europe and North America,47.07305556,15.43861111,https://whc.unesco.org/document/121775,City of Graz – Historic Centre and Schloss Eggenberg,https://whc.unesco.org/en/list/931
932,サン・テミリオン地域,Jurisdiction of Saint-Emilion,文化遺産,France,FR,Europe and North America,44.89472222,-0.155277778,https://whc.unesco.org/document/223112,Jurisdiction of Saint-Emilion,https://whc.unesco.org/en/list/932
933,シュリー-シュル-ロワールとシャロンヌ間のロワール渓谷,The Loire Valley between Sully-sur-Loire and Chalonnes,文化遺産,France,FR,Europe and North America,47.39889,0.70278,https://whc.unesco.org/document/113447,The Loire Valley between Sully-sur-Loire and Chalonnes (France),https://whc.unesco.org/en/list/933
934,マデイラ諸島のラウリシルヴァ,Laurisilva of Madeira,自然遺産,Portugal,PT,Europe and North America,32.76666667,-17,https://whc.unesco.org/document/113498,Laurisilva of Madeira (Portugal),https://whc.unesco.org/en/list/934
936,リオ・ピントゥラスのクエバ・デ・ラス・マノス,"Cueva de las Manos, Río Pinturas",文化遺産,Argentina,AR,Latin America and the Caribbean,-47.15,-70.66666667,https://whc.unesco.org/document/208997,"Cueva de las Manos, Río Pinturas. Painting of hands. Sector 2.",https://whc.unesco.org/en/list/936
937,バルデス半島,Península Valdés,自然遺産,Argentina,AR,Latin America and the Caribbean,-42.5,-64,https://whc.unesco.org/document/113536,Península Valdés,https://whc.unesco.org/en/list/937
938,スクルの文化的景観,Sukur Cultural Landscape,文化遺産,Nigeria,NG,Africa,10.74056,13.57194,,,https://whc.unesco.org/en/list/938
939,ソチカルコの古代遺跡地帯,Archaeological Monuments Zone of Xochicalco,文化遺産,Mexico,MX,Latin America and the Caribbean,18.803972,-99.29639,https://whc.unesco.org/document/113539,Archaeological Monuments Zone of Xochicalco,https://whc.unesco.org/en/list/939
940,パラマリボ市街歴史地区,Historic Inner City of Paramaribo,文化遺産,Suriname,SR,Latin America and the Caribbean,5.82611,-55.15,https://whc.unesco.org/document/113541,Historic Inner City of Paramaribo (Suriname),https://whc.unesco.org/en/list/940
941,ミケーネとティリンスの古代遺跡群,Archaeological Sites of Mycenae and Tiryns,文化遺産,Greece,GR,Europe and North America,37.73333333,22.75,https://whc.unesco.org/document/113565,Archaeological Sites of Mycenae and Tiryns (Greece),https://whc.unesco.org/en/list/941
942,パトモス島の「神学者」聖ヨハネ修道院と黙示録の洞窟の歴史地区(コーラ),The Historic Centre (Chorá) with the Monastery of Saint-John the Theologian and the Cave of the Apocalypse on the Island of Pátmos,文化遺産,Greece,GR,Europe and North America,37.3,26.55,https://whc.unesco.org/document/113585,the Monastery of Saint John the Theologian and the Cave of the Apocalypse on the Island of Pátmos,https://whc.unesco.org/en/list/942
943,ベルギーとフランスの鐘楼群,Belfries of Belgium and France,文化遺産,"France,Belgium","FR, BE",Europe and North America,50.17444,3.23139,https://whc.unesco.org/document/113589,"Belfries of Belgium and France (Belgium, France)",https://whc.unesco.org/en/list/943
944,インドの山岳鉄道群(ニルギリ山岳鉄道、ダージリン・ヒマラヤ鉄道を含む),Mountain Railways of India,文化遺産,India,IN,Asia and the Pacific,11.51028,76.93583,https://whc.unesco.org/document/130019,Mountain Railways of India (India),https://whc.unesco.org/en/list/944
945,チャトラパティ・シヴァージー・ターミナス駅(旧名ヴィクトリア・ターミナス),Chhatrapati Shivaji Terminus (formerly Victoria Terminus),文化遺産,India,IN,Asia and the Pacific,18.94012222,72.83620278,https://whc.unesco.org/document/113663,Chhatrapati Shivaji Terminus (formerly Victoria Terminus),https://whc.unesco.org/en/list/945
946,モスタル旧市街の古橋地区,Old Bridge Area of the Old City of Mostar,文化遺産,Bosnia and Herzegovina,BA,Europe and North America,43.33730556,17.815,https://whc.unesco.org/document/120233,Old Bridge Area of the Old City of Mostar,https://whc.unesco.org/en/list/946
948,古都ホイアン,Hoi An Ancient Town,文化遺産,Viet Nam,VN,Asia and the Pacific,15.88333333,108.3333333,https://whc.unesco.org/document/218534,Hoi An Ancient Town,https://whc.unesco.org/en/list/948
949,ミーソン聖域,My Son Sanctuary,文化遺産,Viet Nam,VN,Asia and the Pacific,15.773843,108.109169,https://whc.unesco.org/document/130148,My Son Sanctuary,https://whc.unesco.org/en/list/949
950,アンブヒマンガの丘の王領地,Royal Hill of Ambohimanga,文化遺産,Madagascar,MG,Africa,-18.75917,47.56278,https://whc.unesco.org/document/123825,Royal Hill of Ambohimanga,https://whc.unesco.org/en/list/950
951,フォンニャ-ケバン国立公園,Phong Nha-Ke Bang National Park and Hin Nam No National Park,自然遺産,"Viet Nam,Lao People's Democratic Republic","VN, LA",Asia and the Pacific,17.42755556,105.9052778,https://whc.unesco.org/document/219855,"(Extension 47 COM) Karst, southeast of Vangmaneur Village in Hin Nam No National Park, Lao PDR",https://whc.unesco.org/en/list/951
954,聖カトリーナ修道院地域,Saint Catherine Area,文化遺産,Egypt,EG,Arab States,28.55623,33.97543,https://whc.unesco.org/document/113783,Saint Catherine Area (Egypt),https://whc.unesco.org/en/list/954
955,ロレンツ国立公園,Lorentz National Park,自然遺産,Indonesia,ID,Asia and the Pacific,-4.75,137.83333,,,https://whc.unesco.org/en/list/955
956,サン-ルイ島,Island of Saint-Louis,文化遺産,Senegal,SN,Africa,16.02778,-16.50444,https://whc.unesco.org/document/113789,Île de Saint-Louis (Sénégal),https://whc.unesco.org/en/list/956
958,城塞都市バクー、シルヴァンシャー宮殿、及び乙女の塔,Walled City of Baku with the Shirvanshah's Palace and Maiden Tower,文化遺産,Azerbaijan,AZ,Europe and North America,40.36666667,49.83333333,https://whc.unesco.org/document/124550,Walled City of Baku with the Shirvanshah's Palace and Maiden Tower,https://whc.unesco.org/en/list/958
959,バルパライーソの海港都市の歴史的街並み,Historic Quarter of the Seaport City of Valparaíso,文化遺産,Chile,CL,Latin America and the Caribbean,-33.04063889,-71.628,https://whc.unesco.org/document/121842,Historic Quarter of the Seaport City of Valparaíso (Chile),https://whc.unesco.org/en/list/959
960,ゲハルト修道院とアザート川上流域,Monastery of Geghard and the Upper Azat Valley,文化遺産,Armenia,AM,Europe and North America,40.140439,44.818525,https://whc.unesco.org/document/209031,Monastery of Geghard and the Upper Azat Valley. Monastery of Geghard.,https://whc.unesco.org/en/list/960
963,シベニクの聖ヤコブ大聖堂,The Cathedral of St James in Šibenik,文化遺産,Croatia,HR,Europe and North America,43.73629,15.89038,https://whc.unesco.org/document/120833,The Cathedral of St James in Šibenik (Croatia),https://whc.unesco.org/en/list/963
965,リートフェルト設計のシュレーテル邸,Rietveld Schröderhuis (Rietveld Schröder House),文化遺産,Netherlands (Kingdom of the),NL,Europe and North America,52.08533333,5.147555556,https://whc.unesco.org/document/113855,Rietveld Schröderhuis (Rietveld Schröder House),https://whc.unesco.org/en/list/965
966,イスチグアラスト/タランパジャ自然公園群,Ischigualasto / Talampaya Natural Parks,自然遺産,Argentina,AR,Latin America and the Caribbean,-30,-68,https://whc.unesco.org/document/121605,Ischigualasto / Talampaya Natural Parks,https://whc.unesco.org/en/list/966
967,ノエル・ケンプ・メルカード国立公園,Noel Kempff Mercado National Park,自然遺産,Bolivia (Plurinational State of),BO,Latin America and the Caribbean,-14.26667,-60.86667,https://whc.unesco.org/document/113883,Noel Kempff Mercado National Park,https://whc.unesco.org/en/list/967
968,エーランド島南部の農業景観,Agricultural Landscape of Southern Öland,文化遺産,Sweden,SE,Europe and North America,56.325,16.48333,https://whc.unesco.org/document/113885,Agricultural Landscape of Southern Öland,https://whc.unesco.org/en/list/968
970,ヴァッハウ渓谷の文化的景観,Wachau Cultural Landscape,文化遺産,Austria,AT,Europe and North America,48.36444444,15.43416667,https://whc.unesco.org/document/113887,Wachau Cultural Landscape,https://whc.unesco.org/en/list/970
971,チロエの教会群,Churches of Chiloé,文化遺産,Chile,CL,Latin America and the Caribbean,-42.5,-73.76666667,https://whc.unesco.org/document/113889,Churches of Chiloé,https://whc.unesco.org/en/list/971
972,琉球王国のグスク及び関連遺産群,Gusuku Sites and Related Properties of the Kingdom of Ryukyu,文化遺産,Japan,JP,Asia and the Pacific,26.20861111,127.6827778,https://whc.unesco.org/document/113891,Gusuku Sites and Related Properties of the Kingdom of Ryukyu,https://whc.unesco.org/en/list/972
973,バルデヨフ市街保護区,Bardejov Town Conservation Reserve,文化遺産,Slovakia,SK,Europe and North America,49.29277778,21.27555556,https://whc.unesco.org/document/113893,Bardejov Town Conservation Reserve,https://whc.unesco.org/en/list/973
974,僧院の島ライヒェナウ,Monastic Island of Reichenau,文化遺産,Germany,DE,Europe and North America,47.69872222,9.061305556,https://whc.unesco.org/document/120328,Monastic Island of Reichenau,https://whc.unesco.org/en/list/974
975,エッセンのツォルフェライン炭坑業遺産群,Zollverein Coal Mine Industrial Complex in Essen,文化遺産,Germany,DE,Europe and North America,51.49138889,7.046111111,https://whc.unesco.org/document/169074,Zollverein Coal Mine Industrial Complex in Essen,https://whc.unesco.org/en/list/975
976,慶州(キョンジュ)歴史地域,Gyeongju Historic Areas,文化遺産,Republic of Korea,KR,Asia and the Pacific,35.78889,129.22667,https://whc.unesco.org/document/133014,Gyeongju Historic Areas,https://whc.unesco.org/en/list/976
977,高敞(コチャン)、和順(ファスン)、江華(クアンファ)の支石墓群跡,"Gochang, Hwasun and Ganghwa Dolmen Sites",文化遺産,Republic of Korea,KR,Asia and the Pacific,34.96667,126.92917,https://whc.unesco.org/document/118607,"Gochang, Hwasun and Ganghwa Dolmen Sites",https://whc.unesco.org/en/list/977
978,コルフ旧市街,Old Town of Corfu,文化遺産,Greece,GR,Europe and North America,39.62394139,19.9275,https://whc.unesco.org/document/113915,panoramic view,https://whc.unesco.org/en/list/978
980,カザン・クレムリンの歴史遺産群と建築物群,Historic and Architectural Complex of the Kazan Kremlin,文化遺産,Russian Federation,RU,Europe and North America,55.79945266,49.10646024,https://whc.unesco.org/document/187084,Historic and Architectural Complex of the Kazan Kremlin,https://whc.unesco.org/en/list/980
981,,Bolgar Historical and Archaeological Complex,文化遺産,Russian Federation,RU,Europe and North America,54.97888889,49.05638889,https://whc.unesco.org/document/136990,Bolgar Historical and Archaeological Complex,https://whc.unesco.org/en/list/981
982,フェラポントフ修道院群,Ensemble of the Ferapontov Monastery,文化遺産,Russian Federation,RU,Europe and North America,59.95,38.56666667,https://whc.unesco.org/document/113920,Ferapontov Monastery,https://whc.unesco.org/en/list/982
983,バミューダ島の古都セント・ジョージと関連要塞群,"Historic Town of St George and Related Fortifications, Bermuda",文化遺産,United Kingdom of Great Britain and Northern Ireland,GB,Europe and North America,32.37944444,-64.67777778,https://whc.unesco.org/document/113922,"Historic Town of St George and Related Fortifications, Bermuda",https://whc.unesco.org/en/list/983
984,ブレナヴォン産業用地,Blaenavon Industrial Landscape,文化遺産,United Kingdom of Great Britain and Northern Ireland,GB,Europe and North America,51.77638889,-3.088055556,https://whc.unesco.org/document/113924,Blaenavon Big Pit,https://whc.unesco.org/en/list/984
985,ウクハランバ/ドラケンスベアク自然公園,Maloti-Drakensberg Park,複合遺産,"Lesotho,South Africa","LS, ZA",Africa,-29.76527778,29.12305556,https://whc.unesco.org/document/113926,Sehlabathebe National Park,https://whc.unesco.org/en/list/985
986,カラカスの大学都市,Ciudad Universitaria de Caracas,文化遺産,Venezuela (Bolivarian Republic of),VE,Latin America and the Caribbean,10.49073,-66.89068,https://whc.unesco.org/document/113971,Ciudad Universitaria de Caracas,https://whc.unesco.org/en/list/986
987,ルーゴのローマの城壁群,Roman Walls of Lugo,文化遺産,Spain,ES,Europe and North America,43.01064079,-7.553069941,https://whc.unesco.org/document/113975,Roman Walls of Lugo (Spain),https://whc.unesco.org/en/list/987
988,ボイ渓谷のカタルーニャ風ロマネスク様式教会群,Catalan Romanesque Churches of the Vall de Boí,文化遺産,Spain,ES,Europe and North America,42.50472222,0.803611111,https://whc.unesco.org/document/113981,Catalan Romanesque Churches of the Vall de Boí,https://whc.unesco.org/en/list/988
989,アタプエルカの古代遺跡,Archaeological Site of Atapuerca,文化遺産,Spain,ES,Europe and North America,42.34972222,-3.515277778,https://whc.unesco.org/document/114007,Archaeological Site of Atapuerca (Spain),https://whc.unesco.org/en/list/989
990,アッシージ、聖フランチェスコ聖堂と関連遺跡群,"Assisi, the Basilica of San Francesco and Other Franciscan Sites",文化遺産,Italy,IT,Europe and North America,43.06616667,12.62244444,https://whc.unesco.org/document/114038,"Basilica Santa Maria degli Angeli. Assisi, the Basilica of San Francesco and Other Franciscan Sites (Italy)",https://whc.unesco.org/en/list/990
993,ゴイアス歴史地区,Historic Centre of the Town of Goiás,文化遺産,Brazil,BR,Latin America and the Caribbean,-15.934231,-50.140164,https://whc.unesco.org/document/114050,Historic Centre of the Town of Goiás,https://whc.unesco.org/en/list/993
994,クルシュー砂州,Curonian Spit,文化遺産,"Lithuania,Russian Federation","LT, RU",Europe and North America,55.27458,20.96239,https://whc.unesco.org/document/122006,"Curonian Spit, Lithuania",https://whc.unesco.org/en/list/994
995,コルドバのイエズス会管区とエスタンシアス,Jesuit Block and Estancias of Córdoba,文化遺産,Argentina,AR,Latin America and the Caribbean,-31.42056,-64.19111,https://whc.unesco.org/document/114054,"Santa Catilina, front view of the group",https://whc.unesco.org/en/list/995
996,ブリュージュ(ブリュッヘ)歴史地区,Historic Centre of Brugge,文化遺産,Belgium,BE,Europe and North America,51.20891,3.22527,https://whc.unesco.org/document/124596,Historic Centre of Brugge (Belgium),https://whc.unesco.org/en/list/996
998,中央アマゾン保全地域群,Central Amazon Conservation Complex,自然遺産,Brazil,BR,Latin America and the Caribbean,-2.333333333,-62.00833333,https://whc.unesco.org/document/114116,The land to the left of the river is the eastern edge of the Jau National Park. The park is the largest forest reserve in South America and covers an area greater than 5.6 million acres.,https://whc.unesco.org/en/list/998
999,パンタナル保全地域,Pantanal Conservation Area,自然遺産,Brazil,BR,Latin America and the Caribbean,-17.656,-57.359,https://whc.unesco.org/document/114118,"Jabiru and chicks in the nest, Pantanal, Brazil
Jabiru d'Amérique avec des poussins dans le nid, Pantanal, Brésil
Jabiru mit Jungvögel, Jungvoegel im Nest, Pantanal, Brasilien
Jabiru mycteria
Ciconiidae
Ciconiiformes",https://whc.unesco.org/en/list/999
1000,ブラジルの大西洋諸島:フェルナンド・デ・ノローニャとロカス環礁保護区群,Brazilian Atlantic Islands: Fernando de Noronha and Atol das Rocas Reserves,自然遺産,Brazil,BR,Latin America and the Caribbean,-3.857944444,-32.42511111,https://whc.unesco.org/document/118987,Brazilian Atlantic Islands: Fernando de Noronha and Atol das Rocas Reserves,https://whc.unesco.org/en/list/1000
1001,青城山(チンチャンシェン)と都江堰(デゥジャンイェン)水利(灌漑)施設,Mount Qingcheng and the Dujiangyan Irrigation System,文化遺産,China,CN,Asia and the Pacific,31.00167,103.60528,https://whc.unesco.org/document/209100,Mount Qingcheng and the Dujiangyan Irrigation System. Dujiangyan Irrigation System-Precious bottle neck.,https://whc.unesco.org/en/list/1001
1002,安徽(エンフィ)南部の古村落-西逓(シーディ)・宏村(ホンツゥン),Ancient Villages in Southern Anhui – Xidi and Hongcun,文化遺産,China,CN,Asia and the Pacific,29.90444444,117.9875,https://whc.unesco.org/document/209092,Ancient Villages in Southern Anhui – Xidi and Hongcun. Hongcun South Lake-South Lake after Snow.,https://whc.unesco.org/en/list/1002
1003,龍門(ロンメン)石窟,Longmen Grottoes,文化遺産,China,CN,Asia and the Pacific,34.46666667,112.4666667,https://whc.unesco.org/document/126378,Longmen Grottoes (China),https://whc.unesco.org/en/list/1003
1004,明(ミン)・清(チン)朝の皇帝陵墓群,Imperial Tombs of the Ming and Qing Dynasties,文化遺産,China,CN,Asia and the Pacific,41.70722222,124.7938889,https://whc.unesco.org/document/209095,Imperial Tombs of the Ming and Qing Dynasties.,https://whc.unesco.org/en/list/1004
1005,建築家ヴィクトール・オルタによる主な邸宅群(ブリュッセル),Major Town Houses of the Architect Victor Horta (Brussels),文化遺産,Belgium,BE,Europe and North America,50.82806,4.36223,https://whc.unesco.org/document/131253,Major Town Houses of the Architect Victor Horta (Brussels),https://whc.unesco.org/en/list/1005
1006,スピエンヌの新石器時代の火打石の鉱山発掘地(モンス),Neolithic Flint Mines at Spiennes (Mons),文化遺産,Belgium,BE,Europe and North America,50.42011348,3.982268911,https://whc.unesco.org/document/114198,Neolithic Flint Mines at Spiennes (Mons),https://whc.unesco.org/en/list/1006
1007,ケープ植物区保護地域群,Cape Floral Region Protected Areas,自然遺産,South Africa,ZA,Africa,-34.35580512,18.47503218,https://whc.unesco.org/document/114241,Cape Floral Region Protected Areas (South Africa),https://whc.unesco.org/en/list/1007
1008,キューバ南東部のコーヒー農園発祥地の景観,Archaeological Landscape of the First Coffee Plantations in the South-East of Cuba,文化遺産,Cuba,CU,Latin America and the Caribbean,20.03,-75.39138889,https://whc.unesco.org/document/126485,Archaeological Landscape of the First Coffee Plantations in the South-East of Cuba (Cuba),https://whc.unesco.org/en/list/1008
1009,トゥルネーのノートル-ダム大聖堂,Notre-Dame Cathedral in Tournai,文化遺産,Belgium,BE,Europe and North America,50.60603,3.38926,https://whc.unesco.org/document/114255,Notre-Dame Cathedral in Tournai (Belgium),https://whc.unesco.org/en/list/1009
1010,フランキンセンスの国土,Land of Frankincense,文化遺産,Oman,OM,Arab States,18.25333,53.64759,https://whc.unesco.org/document/114279,Land of Frankincense (Oman),https://whc.unesco.org/en/list/1010
1011,エチミアツィンの大聖堂と教会群及びズヴァルトノツの古代遺跡,Cathedral and Churches of Echmiatsin and the Archaeological Site of Zvartnots,文化遺産,Armenia,AM,Europe and North America,40.15931,44.29514,https://whc.unesco.org/document/209002,Cathedral and Churches of Echmiatsin and the Archaeological Site of Zvartnots. Saint Hripsime Church.,https://whc.unesco.org/en/list/1011
1012,キナバル自然公園,Kinabalu Park,自然遺産,Malaysia,MY,Asia and the Pacific,6.25,116.5,https://whc.unesco.org/document/114285,Kinabalu Park (Malaysia),https://whc.unesco.org/en/list/1012
1013,グヌン・ムル国立公園,Gunung Mulu National Park,自然遺産,Malaysia,MY,Asia and the Pacific,4.13333,114.91667,https://whc.unesco.org/document/125376,Gunung Mulu National Park,https://whc.unesco.org/en/list/1013
1014,,The Archaeological Heritage of Niah National Park’s Caves Complex,文化遺産,Malaysia,MY,Asia and the Pacific,3.804291667,113.7807667,https://whc.unesco.org/document/198713,The West Mouth of Niah Great Cave,https://whc.unesco.org/en/list/1014
1016,アレキーパ市歴史地区,Historical Centre of the City of Arequipa,文化遺産,Peru,PE,Latin America and the Caribbean,-16.398353,-71.536777,https://whc.unesco.org/document/209575,"Historical Centre of the City of Arequipa - Temple of the Society of Jesus, XVIIth century",https://whc.unesco.org/en/list/1016
1017,中央スリナム自然保護区,Central Suriname Nature Reserve,自然遺産,Suriname,SR,Latin America and the Caribbean,4,-56.5,https://whc.unesco.org/document/114308,Central Suriname Nature Reserve,https://whc.unesco.org/en/list/1017
1018,,Ephesus,文化遺産,Türkiye,TR,Europe and North America,37.92916667,27.35944444,https://whc.unesco.org/document/136286,Great theatre,https://whc.unesco.org/en/list/1018
1021,ツォディロ,Tsodilo,文化遺産,Botswana,BW,Africa,-18.75,21.73333333,https://whc.unesco.org/document/124282,Tsodilo,https://whc.unesco.org/en/list/1021
1022,カスビのブガンダ王国歴代国王の墓,Tombs of Buganda Kings at Kasubi,文化遺産,Uganda,UG,Africa,0.348611111,32.55138889,https://whc.unesco.org/document/114318,Tombs of Buganda Kings at Kasubi (Uganda),https://whc.unesco.org/en/list/1022
1023,ランゲル島保護区の自然生態系,Natural System of Wrangel Island Reserve,自然遺産,Russian Federation,RU,Europe and North America,71.18888889,-179.7152778,https://whc.unesco.org/document/114331,Natural System of Wrangel Island Reserve,https://whc.unesco.org/en/list/1023
1024,ヴァル・ディ・ノートの後期バロック様式の町々(シチリア島南東部,Late Baroque Towns of the Val di Noto (South-Eastern Sicily),文化遺産,Italy,IT,Europe and North America,36.89319444,15.06891667,https://whc.unesco.org/document/114343,Late Baroque Towns of the Val di Noto (South-Eastern Sicily) (Italy),https://whc.unesco.org/en/list/1024
1025,ティヴォリのエステ家別荘,"Villa d'Este, Tivoli",文化遺産,Italy,IT,Europe and North America,41.96391667,12.79625,https://whc.unesco.org/document/130930,"Villa d'Este, Tivoli",https://whc.unesco.org/en/list/1025
1026,オルチア渓谷,Val d'Orcia,文化遺産,Italy,IT,Europe and North America,43.06666667,11.55,https://whc.unesco.org/document/114351,Val d'Orcia (Italy),https://whc.unesco.org/en/list/1026
1027,ファールンの大銅山地域,Mining Area of the Great Copper Mountain in Falun,文化遺産,Sweden,SE,Europe and North America,60.60472,15.63083,https://whc.unesco.org/document/114373,Mining Area of the Great Copper Mountain in Falun,https://whc.unesco.org/en/list/1027
1028,ソルテア,Saltaire,文化遺産,United Kingdom of Great Britain and Northern Ireland,GB,Europe and North America,53.83916667,-1.788333333,https://whc.unesco.org/document/114375,Saltaire,https://whc.unesco.org/en/list/1028
1029,ドーセット及び東デヴォン海岸,Dorset and East Devon Coast,自然遺産,United Kingdom of Great Britain and Northern Ireland,GB,Europe and North America,50.70555556,-2.989888889,https://whc.unesco.org/document/114377,Dorset and East Devon Coast (United Kingdom of Great Britain and Northern Ireland),https://whc.unesco.org/en/list/1029
1030,ダーウェント峡谷の工場群,Derwent Valley Mills,文化遺産,United Kingdom of Great Britain and Northern Ireland,GB,Europe and North America,53.02888889,-1.488055556,https://whc.unesco.org/document/114389,Derwent Valley Mills,https://whc.unesco.org/en/list/1030
1031,ギマランイス歴史地区,Historic Centre of Guimarães and Couros Zone,文化遺産,Portugal,PT,Europe and North America,41.443,-8.292777778,https://whc.unesco.org/document/200125,(Extension 45 COM) Castle of Guimarães,https://whc.unesco.org/en/list/1031
1033,ウィーン歴史地区,Historic Centre of Vienna,文化遺産,Austria,AT,Europe and North America,48.2094,16.3699,https://whc.unesco.org/document/120259,Historic Centre of Vienna (Austria),https://whc.unesco.org/en/list/1033
1035,セラード保護地域群:ヴェアデイロス平原国立公園とエマス国立公園,Cerrado Protected Areas: Chapada dos Veadeiros and Emas National Parks,自然遺産,Brazil,BR,Latin America and the Caribbean,-14.00569444,-47.68461111,https://whc.unesco.org/document/114404,Cerrado Protected Areas: Chapada dos Veadeiros and Emas National Parks (Brazil),https://whc.unesco.org/en/list/1035
1037,ユングフラウ-アレッチュ-ビーチホルン、スイス・アルプス,Swiss Alps Jungfrau-Aletsch,自然遺産,Switzerland,CH,Europe and North America,46.5,8.033333333,https://whc.unesco.org/document/114420,Swiss Alps Jungfrau-Aletsch (Switzerland),https://whc.unesco.org/en/list/1037
1039,雲崗石窟(ユンガンシークー),Yungang Grottoes,文化遺産,China,CN,Asia and the Pacific,40.10972,113.12222,https://whc.unesco.org/document/114440,Yungang Grottoes,https://whc.unesco.org/en/list/1039
1040,マサダ,Masada,文化遺産,Israel,IL,Europe and North America,31.31555556,35.35361111,https://whc.unesco.org/document/114458,Masada (Israel),https://whc.unesco.org/en/list/1040
1042,アッコ(アコー、アクル、アッカー)旧市街,Old City of Acre,文化遺産,Israel,IL,Europe and North America,32.92166667,35.06888889,https://whc.unesco.org/document/119391,Old City of Acre (Israel),https://whc.unesco.org/en/list/1042
1044,アランフェスの文化的景観,Aranjuez Cultural Landscape,文化遺産,Spain,ES,Europe and North America,40.03645,-3.60934,https://whc.unesco.org/document/114470,Aranjuez Cultural Landscape,https://whc.unesco.org/en/list/1044
1046,アルト・ドウロ・ワイン生産地域,Alto Douro Wine Region,文化遺産,Portugal,PT,Europe and North America,41.10166667,-7.798888889,https://whc.unesco.org/document/114476,Alto Douro Wine Region (Portugal),https://whc.unesco.org/en/list/1046
1052,ブルノのツゲンドハット邸,Tugendhat Villa in Brno,文化遺産,Czechia,CZ,Europe and North America,49.20718333,16.61605556,https://whc.unesco.org/document/114492,"Main living space, Tugendhat Villa in Brno",https://whc.unesco.org/en/list/1052
1053,南部小ポーランドの木造教会群,Wooden Churches of Southern Małopolska,文化遺産,Poland,PL,Europe and North America,49.75,21.23333333,https://whc.unesco.org/document/123695,Wooden Churches of Southern Malopolska,https://whc.unesco.org/en/list/1053
1054,ヤヴォルとシフィドニツァの平和教会群,Churches of Peace in Jawor and Świdnica,文化遺産,Poland,PL,Europe and North America,51.05427778,16.19594444,https://whc.unesco.org/document/128386,Churches of Peace in Jawor and Swidnica,https://whc.unesco.org/en/list/1054
1055,ラム旧市街,Lamu Old Town,文化遺産,Kenya,KE,Africa,-2.284444444,40.8525,https://whc.unesco.org/document/114530,Lamu Old Town (Kenya),https://whc.unesco.org/en/list/1055
1056,ブッダガヤの大菩提寺,Mahabodhi Temple Complex at Bodh Gaya,文化遺産,India,IN,Asia and the Pacific,24.69528,84.99389,https://whc.unesco.org/document/114538,Mahabodhi Temple Complex at Bodh Gaya,https://whc.unesco.org/en/list/1056
1058,マサガン(アル・ジャジーダ)のポルトガル都市,Portuguese City of Mazagan (El Jadida),文化遺産,Morocco,MA,Arab States,33.25667,-8.50194,https://whc.unesco.org/document/131716,Portuguese City of Mazagan (El Jadida) (Morocco),https://whc.unesco.org/en/list/1058
1060,大地溝帯のケニア湖システム,Kenya Lake System in the Great Rift Valley,自然遺産,Kenya,KE,Africa,-0.4425,36.24,https://whc.unesco.org/document/167561,Kenya Lake System in the Great Rift Valley,https://whc.unesco.org/en/list/1060
1061,カンペチェ州、カラクムールの古代マヤ都市,"Ancient Maya City and Protected Tropical Forests of Calakmul, Campeche",複合遺産,Mexico,MX,Latin America and the Caribbean,18.05302778,-89.73728333,https://whc.unesco.org/document/114610,Calakmul,https://whc.unesco.org/en/list/1061
1063,トカイワイン産地の歴史的文化的景観,Tokaj Wine Region Historic Cultural Landscape,文化遺産,Hungary,HU,Europe and North America,48.15,21.35,https://whc.unesco.org/document/209265,Tokaj Wine Region Historic Cultural Landscape - Wineyard with chapel in Tarcal.,https://whc.unesco.org/en/list/1063
1066,ライン渓谷中流上部,Upper Middle Rhine Valley,文化遺産,Germany,DE,Europe and North America,50.17361111,7.694166667,https://whc.unesco.org/document/131634,Upper Middle Rhine Valley (Germany),https://whc.unesco.org/en/list/1066
1067,シュトラールズント及びヴィスマルの歴史地区,Historic Centres of Stralsund and Wismar,文化遺産,Germany,DE,Europe and North America,54.3025,13.08527778,https://whc.unesco.org/document/120329,Historic Centres of Stralsund and Wismar,https://whc.unesco.org/en/list/1067
1068,ピエモンテとロンバルディアのサクリ・モンティ(点在),<I>Sacri Monti</I> of Piedmont and Lombardy,文化遺産,Italy,IT,Europe and North America,45.97455556,9.169555556,https://whc.unesco.org/document/114653,Sacri Monti of Piedmont and Lombardy (Italy),https://whc.unesco.org/en/list/1068
1070,デルベントのシタデル、古代都市、要塞建築物群,"Citadel, Ancient City and Fortress Buildings of Derbent",文化遺産,Russian Federation,RU,Europe and North America,42.05583333,48.28277778,https://whc.unesco.org/document/114655,"Citadel, Ancient City and Fortress Buildings of Derbent",https://whc.unesco.org/en/list/1070
1073,ゲベル・バルカルとナパタ地域の遺跡群,Gebel Barkal and the Sites of the Napatan Region,文化遺産,Sudan,SD,Arab States,18.537,31.82802778,https://whc.unesco.org/document/114679,Pyramides. Gebel Barkal and the Sites of the Napatan Region (Sudan),https://whc.unesco.org/en/list/1073
1076,ゴブスタンのロック・アートと文化的景観,Gobustan Rock Art Cultural Landscape,文化遺産,Azerbaijan,AZ,Europe and North America,40.125,49.375,https://whc.unesco.org/document/124649,Gobustan Rock Art Cultural Landscape,https://whc.unesco.org/en/list/1076
1077,タハテ・スレマーン,Takht-e Soleyman,文化遺産,Iran (Islamic Republic of),IR,Asia and the Pacific,36.60388889,47.235,https://whc.unesco.org/document/114726,Takht-e Soleyman,https://whc.unesco.org/en/list/1077
1078,トジェビーチのユダヤ人街とプロコピウス聖堂,Jewish Quarter and St Procopius' Basilica in Třebíč,文化遺産,Czechia,CZ,Europe and North America,49.21722222,15.87888889,https://whc.unesco.org/document/114728,Jewish Quarter and St Procopius' Basilica in Trebíc,https://whc.unesco.org/en/list/1078
1079,ケレタロのシエラ・ゴルダのフランシスコ修道会伝道施設群(点在),Franciscan Missions in the Sierra Gorda of Querétaro,文化遺産,Mexico,MX,Latin America and the Caribbean,21.20438889,-99.46411111,https://whc.unesco.org/document/114730,Franciscan Missions in the Sierra Gorda of Querétaro,https://whc.unesco.org/en/list/1079
1081,オルホン渓谷文化的景観,Orkhon Valley Cultural Landscape,文化遺産,Mongolia,MN,Asia and the Pacific,47.479214,102.678482,https://whc.unesco.org/document/209478,Orkhon Valley Cultural Landscape - Memorials of four stone turtle Kharakhorum city,https://whc.unesco.org/en/list/1081
1083,雲南(ユナン)三江併流の保護地域群,Three Parallel Rivers of Yunnan Protected Areas,自然遺産,China,CN,Asia and the Pacific,27.895,98.40638889,https://whc.unesco.org/document/126193,Three Parallel Rivers of Yunnan Protected Areas,https://whc.unesco.org/en/list/1083
1084,キュー王立植物園,"Royal Botanic Gardens, Kew",文化遺産,United Kingdom of Great Britain and Northern Ireland,GB,Europe and North America,51.48194444,-0.294027778,https://whc.unesco.org/document/126826,"Royal Botanic Gardens, Kew (United Kingdom of Great Britain and Northern Ireland)",https://whc.unesco.org/en/list/1084
1087,ブレーメンのマルクト広場の市庁舎とローラント像,Town Hall and Roland on the Marketplace of Bremen,文化遺産,Germany,DE,Europe and North America,53.07597222,8.807472222,https://whc.unesco.org/document/121635,Town Hall and Roland on the Marketplace of Bremen (Germany),https://whc.unesco.org/en/list/1087
1090,サン・ジョルジオ山,Monte San Giorgio,自然遺産,"Italy,Switzerland","IT, CH",Europe and North America,45.88888889,8.913888889,https://whc.unesco.org/document/114792,Monte San Giorgio,https://whc.unesco.org/en/list/1090
1091,高句麗(コグリョ)古墳群,Complex of Koguryo Tombs,文化遺産,Democratic People's Republic of Korea,KP,Asia and the Pacific,38.86305556,125.415,https://whc.unesco.org/document/125761,Complex of Koguryo tombs,https://whc.unesco.org/en/list/1091
1093,ウム・エル-ラサス(キャストロ・メファ),Um er-Rasas (Kastrom Mefa'a),文化遺産,Jordan,JO,Arab States,31.50167,35.92056,https://whc.unesco.org/document/114805,Um er-Rasas (Kastrom Mefa'a) (Jordan),https://whc.unesco.org/en/list/1093
1094,パーヌルル国立公園,Purnululu National Park,自然遺産,Australia,AU,Asia and the Pacific,-17.5,128.5,https://whc.unesco.org/document/114876,Purnululu National Park (Australia),https://whc.unesco.org/en/list/1094
1096,テル・アビーブのホワイト・シティ-近代化運動,White City of Tel-Aviv – the Modern Movement,文化遺産,Israel,IL,Europe and North America,32.07777778,34.77416667,https://whc.unesco.org/document/114893,White City of Tel-Aviv -- the Modern Movement,https://whc.unesco.org/en/list/1096
1097,ノヴォデヴィチ女子修道院群,Ensemble of the Novodevichy Convent,文化遺産,Russian Federation,RU,Europe and North America,55.72611111,37.55508333,https://whc.unesco.org/document/124959,Ensemble of the Novodevichy Convent,https://whc.unesco.org/en/list/1097
1099,マプングブエの文化的景観,Mapungubwe Cultural Landscape,文化遺産,South Africa,ZA,Africa,-22.1925,29.23889,https://whc.unesco.org/document/114907,Mapungubwe Cultural Landscape (South Africa),https://whc.unesco.org/en/list/1099
1100,リオ・デ・ジャネイロ:山と海に囲まれたカリオカの景観,Rio de Janeiro: Carioca Landscapes between the Mountain and the Sea,文化遺産,Brazil,BR,Latin America and the Caribbean,-22.94777778,-43.29138889,https://whc.unesco.org/document/117438,CORCOVADO CHRIST REDEEMER (CRISTO REDENTOR) FRONT AND TIJUCA NATIONAL PARK WEST VIEW,https://whc.unesco.org/en/list/1100
1101,チャンパネール-パーヴァガドゥ遺跡公園,Champaner-Pavagadh Archaeological Park,文化遺産,India,IN,Asia and the Pacific,22.48333333,73.53333333,https://whc.unesco.org/document/114936,Champaner-Pavagadh Archaeological Park (India),https://whc.unesco.org/en/list/1101
1102,サルヤルカーカザフスタン北部のステップと湖沼群,Saryarka – Steppe and Lakes of Northern Kazakhstan,自然遺産,Kazakhstan,KZ,Asia and the Pacific,50.43333333,69.18888889,https://whc.unesco.org/document/147329,Saryarka – Steppe and Lakes of Northern Kazakhstan,https://whc.unesco.org/en/list/1102
1103,ホンジャ・アフメッド・ヤサウイ廟,Mausoleum of Khoja Ahmed Yasawi,文化遺産,Kazakhstan,KZ,Asia and the Pacific,43.29769444,68.27105556,https://whc.unesco.org/document/124296,Mausoleum of Khoja Ahmed Yasawi,https://whc.unesco.org/en/list/1103
1106,パサルガダエ,Pasargadae,文化遺産,Iran (Islamic Republic of),IR,Asia and the Pacific,30.19383,53.16729,https://whc.unesco.org/document/123739,Pasargadae (Iran (Islamic Republic of)),https://whc.unesco.org/en/list/1106
1107,香料の道-ネゲヴ砂漠都市,Incense Route - Desert Cities in the Negev,文化遺産,Israel,IL,Europe and North America,30.57388889,35.00916667,https://whc.unesco.org/document/125547,Incense Route - Desert Cities in the Negev,https://whc.unesco.org/en/list/1107
1108,聖書時代の遺丘群-メギッド、ハツォール、ベエル・シェバ,"Biblical Tels - Megiddo, Hazor, Beer Sheba",文化遺産,Israel,IL,Europe and North America,32.59722,35.18222,https://whc.unesco.org/document/114998,"Biblical Tels - Megiddo, Hazor, Beer Sheba (Israel)",https://whc.unesco.org/en/list/1108
1110,澳門(マカオ)の歴史地区,Historic Centre of Macao,文化遺産,China,CN,Asia and the Pacific,22.19129194,113.5364611,https://whc.unesco.org/document/115000,Historic Centre of Macao (China),https://whc.unesco.org/en/list/1110
1111,紅河ハニ族棚田群の文化的景観,Cultural Landscape of Honghe Hani Rice Terraces,文化遺産,China,CN,Asia and the Pacific,23.09327778,102.7799806,https://whc.unesco.org/document/123497,Cultural Landscape of Honghe Hani Rice Terraces,https://whc.unesco.org/en/list/1111
1112,開平の望楼群と村落,Kaiping Diaolou and Villages,文化遺産,China,CN,Asia and the Pacific,22.28551944,112.5658611,https://whc.unesco.org/document/209115,Kaiping Diaolou and Villages,https://whc.unesco.org/en/list/1112
1113,福建の土楼,Fujian <em>Tulou</em>,文化遺産,China,CN,Asia and the Pacific,25.02305556,117.6858333,https://whc.unesco.org/document/209117,Fujian Tulou - Tianluokeng Tulou Cluster,https://whc.unesco.org/en/list/1113
1114,殷墟,Yin Xu,文化遺産,China,CN,Asia and the Pacific,36.12666667,114.3138889,https://whc.unesco.org/document/115044,Yin Xu (China),https://whc.unesco.org/en/list/1114
1115,ニューカレドニアのラグーン:リーフの多様性とその生態系,Lagoons of New Caledonia: Reef Diversity and Associated Ecosystems,自然遺産,France,FR,Europe and North America,-20.41194444,164.5663889,https://whc.unesco.org/document/115085,Lagoons of New Caledonia: Reef Diversity and Associated Ecosystems (France),https://whc.unesco.org/en/list/1115
1116,ケブラーダ・デ・ウマワーカ,Quebrada de Humahuaca,文化遺産,Argentina,AR,Latin America and the Caribbean,-23.19986111,-65.34886111,https://whc.unesco.org/document/121614,Quebrada de Humahuaca (Argentina),https://whc.unesco.org/en/list/1116
1117,ピーコ島のブドウ園文化の景観,Landscape of the Pico Island Vineyard Culture,文化遺産,Portugal,PT,Europe and North America,38.51344444,-28.54116667,https://whc.unesco.org/document/115145,Landscape of the Pico Island Vineyard Culture,https://whc.unesco.org/en/list/1117
1118,オスン-オソボ聖林,Osun-Osogbo Sacred Grove,文化遺産,Nigeria,NG,Africa,7.75556,4.55222,https://whc.unesco.org/document/120952,Osun-Osogbo Sacred Grove,https://whc.unesco.org/en/list/1118
1121,コロンビアのコーヒー栽培の文化的景観(点在),Coffee Cultural Landscape of Colombia,文化遺産,Colombia,CO,Latin America and the Caribbean,4.889476,-75.773082,https://whc.unesco.org/document/120682,Coffee Cultural Landscape of Colombia,https://whc.unesco.org/en/list/1121
1127,ムスカウアー公園/ムジャコフスキ公園,Muskauer Park / Park Mużakowski,文化遺産,"Poland,Germany","PL, DE",Europe and North America,51.547653,14.729389,https://whc.unesco.org/document/128007,"Muskauer Park / Park Mużakowski (Germany, Poland)",https://whc.unesco.org/en/list/1127
1130,アッシュール(カラット・シェルカット),Ashur (Qal'at Sherqat),文化遺産,Iraq,IQ,Arab States,35.45666667,43.26111111,https://whc.unesco.org/document/115195,Ashur (Qal'at Sherqat) (Iraq),https://whc.unesco.org/en/list/1130
1131,王立展示館とカールトン庭園,Royal Exhibition Building and Carlton Gardens,文化遺産,Australia,AU,Asia and the Pacific,-37.80611111,144.9702778,https://whc.unesco.org/document/121358,Royal Exhibition Building and Carlton Gardens (Australia),https://whc.unesco.org/en/list/1131
1133,カルパチア山地とドイツのブナ原生林,Ancient and Primeval Beech Forests of the Carpathians and Other Regions of Europe,自然遺産,"North Macedonia,Spain,Italy,France,Poland,Albania,Austria,Belgium,Croatia,Romania,Ukraine,Bulgaria,Slovenia,Slovakia,Switzerland,Bosnia and Herzegovina,Germany,Czechia","MK, ES, IT, FR, PL, AL, AT, BE, HR, RO, UA, BG, SI, SK, CH, BA, DE, CZ",Europe and North America,48.9,22.18333333,https://whc.unesco.org/document/181193,Ancient and Primeval Beech Forests of the Carpathians and Other Regions of Europe (extension 2021). Massane split beech.,https://whc.unesco.org/en/list/1133
1134,ヴァールベリ・ラジオ放送局,"Grimeton Radio Station, Varberg",文化遺産,Sweden,SE,Europe and North America,57.1,12.38333333,https://whc.unesco.org/document/115230,Varberg Radio Station,https://whc.unesco.org/en/list/1134
1135,古代高句麗(コグリ)王国の首都と古墳群,Capital Cities and Tombs of the Ancient Koguryo Kingdom,文化遺産,China,CN,Asia and the Pacific,41.15694444,126.1872222,https://whc.unesco.org/document/209104,Capital Cities and Tombs of the Ancient Koguryo Kingdom- Tomb of General.,https://whc.unesco.org/en/list/1135
1136,ルイス・バラガン邸と仕事場,Luis Barragán House and Studio,文化遺産,Mexico,MX,Latin America and the Caribbean,19.41119788,-99.19235334,https://whc.unesco.org/document/115237,Luis Barragán House and Studio (Mexico),https://whc.unesco.org/en/list/1136
1137,ケルナヴェ古代遺跡(ケルナヴェ文化保護区),Kernavė Archaeological Site (Cultural Reserve of Kernavė),文化遺産,Lithuania,LT,Europe and North America,54.879,24.853,https://whc.unesco.org/document/115249,Kernavė Archaeological Site (Cultural Reserve of Kernavė) (Lithuania),https://whc.unesco.org/en/list/1137
1138,コイバ国立公園とその海洋保護特別地帯,Coiba National Park and its Special Zone of Marine Protection,自然遺産,Panama,PA,Latin America and the Caribbean,7.433,-81.766,https://whc.unesco.org/document/115256,Coiba National Park and its Special Zone of Marine Protection,https://whc.unesco.org/en/list/1138
1139,アスキア墳墓,Tomb of Askia,文化遺産,Mali,ML,Africa,16.2898,-0.04456,https://whc.unesco.org/document/123772,Tomb of Askia (Mali),https://whc.unesco.org/en/list/1139
1140,クタマク、バタマリバ人の土地,"Koutammakou, the Land of the Batammariba",文化遺産,"Togo,Benin","TG, BJ",Africa,10.14808333,1.100222222,https://whc.unesco.org/document/191158,(Extension 45 COM) Takienta on top of a hill at Nata (Benin),https://whc.unesco.org/en/list/1140
1141,古代都市サラズム,Proto-urban Site of Sarazm,文化遺産,Tajikistan,TJ,Asia and the Pacific,39.50788889,67.45872222,https://whc.unesco.org/document/127849,Proto-urban Site of Sarazm,https://whc.unesco.org/en/list/1141
1142,紀伊山地の霊場と参詣道,Sacred Sites and Pilgrimage Routes in the Kii Mountain Range,文化遺産,Japan,JP,Asia and the Pacific,33.83694444,135.7763889,https://whc.unesco.org/document/205512,Pilgrimage Road Omineokugakemichi,https://whc.unesco.org/en/list/1142
1143,ヴェガオヤン-ヴェガ群島,Vegaøyan – The Vega Archipelago,文化遺産,Norway,NO,Europe and North America,65.61667,11.75,https://whc.unesco.org/document/115275,Vegaøyan -- The Vega Archipelago (Norway),https://whc.unesco.org/en/list/1143
1145,タムガリの考古的景観にある岩絵群,Petroglyphs of the Archaeological Landscape of Tanbaly,文化遺産,Kazakhstan,KZ,Asia and the Pacific,43.80333333,75.535,https://whc.unesco.org/document/115295,Petroglyphs of the Archaeological Landscape of Tanbaly,https://whc.unesco.org/en/list/1145
1147,ロペ‐オカンダの生態系と残存する文化的景観,Ecosystem and Relict Cultural Landscape of Lopé-Okanda,複合遺産,Gabon,GA,Africa,-0.5,11.5,https://whc.unesco.org/document/115304,Ecosystem and Relict Cultural Landscape of Lopé-Okanda (Gabon),https://whc.unesco.org/en/list/1147
1149,イルリサット・アイスフィヨルド,Ilulissat Icefjord,自然遺産,Denmark,DK,Europe and North America,69.13333333,-49.5,https://whc.unesco.org/document/115311,"Icebergs in Disko Bay, Fishing boat, UNESCO World Heritage Site, Ilulissat, Jakobshavn, Greenland, Denmark
Icebergs dans Disko Bay, Bateau de pêche, Site du Patrimoine Mondial de l’UNESCO, Ilulissat, Jakobshavn, Groenland, Danemark 
Eisberge in Disko Bay , Fischerboot, Welterbe der UNESCO, Ilulissat, Jakobshavn, Grönland, Groenland, Dänemark, Daenemark",https://whc.unesco.org/en/list/1149
1152,シングヴェトリル国立公園,Þingvellir National Park,文化遺産,Iceland,IS,Europe and North America,64.25380556,-21.03725,https://whc.unesco.org/document/113422,Þingvellir National Park (Iceland),https://whc.unesco.org/en/list/1152
1153,コース(台地)とセヴェンヌ山脈、地中海付近の農牧の文化的景観,"The Causses and the Cévennes, Mediterranean agro-pastoral Cultural Landscape",文化遺産,France,FR,Europe and North America,44.22027778,3.473055556,https://whc.unesco.org/document/113444,Troupeaux,https://whc.unesco.org/en/list/1153
1155,レーゲンスブルクの旧市街とシュタットアムホーフ,Old town of Regensburg with Stadtamhof,文化遺産,Germany,DE,Europe and North America,49.02055556,12.09916667,https://whc.unesco.org/document/223524,Old town of Regensburg with Stadtamhof,https://whc.unesco.org/en/list/1155
1158,チェルヴェテリとタルキニアのエトルリア古代都市群,Etruscan Necropolises of Cerveteri and Tarquinia,文化遺産,Italy,IT,Europe and North America,42.00683333,12.10188889,https://whc.unesco.org/document/113455,Etruscan Necropolises of Cerveteri and Tarquinia,https://whc.unesco.org/en/list/1158
1160,マデリウ-ペラフィタ-クラーロル渓谷,Madriu-Perafita-Claror Valley,文化遺産,Andorra,AD,Europe and North America,42.49472222,1.595555556,https://whc.unesco.org/document/115467,Madriu-Perafita-Claror Valley,https://whc.unesco.org/en/list/1160
1161,ピトンズ・マネジメント・エリア,Pitons Management Area,自然遺産,Saint Lucia,LC,Latin America and the Caribbean,13.80708333,-61.07036111,https://whc.unesco.org/document/123322,Pitons Management Area,https://whc.unesco.org/en/list/1161
1162,フレーデフォート・ドーム,Vredefort Dome,自然遺産,South Africa,ZA,Africa,-26.86,27.26,https://whc.unesco.org/document/113482,Vredefort Dome (South Africa),https://whc.unesco.org/en/list/1162
1165,ヴロツワフの百周年記念ホール,Centennial Hall in Wrocław,文化遺産,Poland,PL,Europe and North America,51.10694722,17.07701389,https://whc.unesco.org/document/128408,Centennial Hall in Wrocław (Poland),https://whc.unesco.org/en/list/1165
1167,スマトラの熱帯雨林遺産,Tropical Rainforest Heritage of Sumatra,自然遺産,Indonesia,ID,Asia and the Pacific,-2.5,101.5,https://whc.unesco.org/document/122647,Bukit Barisan Selatan Natinoal Park,https://whc.unesco.org/en/list/1167
1170,ヤロスラヴル市街の歴史地区,Historical Centre of the City of Yaroslavl,文化遺産,Russian Federation,RU,Europe and North America,57.65278,39.87611,https://whc.unesco.org/document/113510,"Church of Epiphany, Historical Centre of the City of Yaroslavl",https://whc.unesco.org/en/list/1170
1174,,Chiribiquete National Park – “The Maloca of the Jaguar”,複合遺産,Colombia,CO,Latin America and the Caribbean,0.525277778,-72.79722222,https://whc.unesco.org/document/165933,Rock Art,https://whc.unesco.org/en/list/1174
1178,ハンバーストーンとサンタ・ラウラ硝石工場群,Humberstone and Santa Laura Saltpeter Works,文化遺産,Chile,CL,Latin America and the Caribbean,-20.20582,-69.79406,https://whc.unesco.org/document/113517,planta de lixiviacion,https://whc.unesco.org/en/list/1178
1179,スイスのサルドーナ地殻変動地帯,Swiss Tectonic Arena Sardona,自然遺産,Switzerland,CH,Europe and North America,46.91666667,9.25,https://whc.unesco.org/document/204645,Swiss Tectonic Arena Sardona,https://whc.unesco.org/en/list/1179
1181,ル・アーヴル、オーギュスト・ペレによる再建都市,"Le Havre, the City Rebuilt by Auguste Perret",文化遺産,France,FR,Europe and North America,49.49278,0.1075,https://whc.unesco.org/document/113529,"Le Havre, the City Rebuilt by Auguste Perret (France)",https://whc.unesco.org/en/list/1181
1182,カリフォルニア湾の島々と保護地域群,Islands and Protected Areas of the Gulf of California,自然遺産,Mexico,MX,Latin America and the Caribbean,27.62667,-112.54583,https://whc.unesco.org/document/113594,Islands and Protected Areas of the Gulf of California (Mexico),https://whc.unesco.org/en/list/1182
1183,コンドア・ロック‐アート遺跡群,Kondoa Rock-Art Sites,文化遺産,United Republic of Tanzania,TZ,Africa,-4.724444444,35.83388889,https://whc.unesco.org/document/113604,Dodoma Region,https://whc.unesco.org/en/list/1183
1185,プランタン‐モレトゥスの家屋‐工房‐博物館複合体,Plantin-Moretus House-Workshops-Museum Complex,文化遺産,Belgium,BE,Europe and North America,51.21833,4.39778,https://whc.unesco.org/document/113610,Plantin-Moretus House-Workshops-Museum Complex,https://whc.unesco.org/en/list/1185
1186,ワディ・エル‐ヒータン(クジラの谷),Wadi Al-Hitan (Whale Valley),自然遺産,Egypt,EG,Arab States,29.33333,30.18333,https://whc.unesco.org/document/113635,Wadi Al-Hitan (Whale Valley) (Egypt),https://whc.unesco.org/en/list/1186
1187,シュトゥルーヴェの三角点アーチ観測地点群,Struve Geodetic Arc,文化遺産,"Latvia,Norway,Sweden,Belarus,Estonia,Finland,Ukraine,Lithuania,Republic of Moldova,Russian Federation","LV, NO, SE, BY, EE, FI, UA, LT, MD, RU",Europe and North America,59.05777778,26.33777778,https://whc.unesco.org/document/113656,"Struve Geodetic Arc (Belarus, Estonia, Finland, Latvia, Lithuania, Norway, Republic of Moldova, Russian Federation, Sweden, Ukraine)",https://whc.unesco.org/en/list/1187
1188,ソルターニーエ,Soltaniyeh,文化遺産,Iran (Islamic Republic of),IR,Asia and the Pacific,36.43528,48.79667,https://whc.unesco.org/document/123745,Soltaniyeh,https://whc.unesco.org/en/list/1188
1189,ハラール・ジャゴル要塞歴史都市,"Harar Jugol, the Fortified Historic Town",文化遺産,Ethiopia,ET,Africa,9.308888889,42.13777778,https://whc.unesco.org/document/133094,"Harar Jugol, the Fortified Historic Town",https://whc.unesco.org/en/list/1189
1192,カルアト・アル-バフレーン古代遺跡,Qal’at al-Bahrain – Ancient Harbour and Capital of Dilmun,文化遺産,Bahrain,BH,Arab States,26.23306,50.52722222,https://whc.unesco.org/document/113711,Qal’at al-Bahrain – Ancient Harbour and Capital of Dilmun (Bahrain),https://whc.unesco.org/en/list/1192
1193,知床,Shiretoko,自然遺産,Japan,JP,Asia and the Pacific,43.94944,144.96583,https://whc.unesco.org/document/209309,Shiretoko - Steller's Sea Eagle,https://whc.unesco.org/en/list/1193
1194,バリの文化的景観:バリ・ヒンドゥー哲学トリ・ヒタ・カラナを表す水利システム「スバック」,Cultural Landscape of Bali Province: the <em>Subak</em> System as a Manifestation of the <em>Tri Hita Karana</em> Philosophy,文化遺産,Indonesia,ID,Asia and the Pacific,-8.259166667,115.4027778,https://whc.unesco.org/document/117270,Cultural Landscape of Bali Province: the Subak System as a Manifestation of the Tri Hita Karana Philosophy. Water Reservoir,https://whc.unesco.org/en/list/1194
1195,西ノルウェーフィヨルド群‐ガイランゲルフィヨルドとネーロイフィヨルド,West Norwegian Fjords – Geirangerfjord and Nærøyfjord,自然遺産,Norway,NO,Europe and North America,62.11667,7.16667,https://whc.unesco.org/document/118659,West Norwegian Fjords – Geirangerfjord and Nærøyfjord (Norway),https://whc.unesco.org/en/list/1195
1196,ネースヴィジのラジヴィール家の建築、住居、文化的複合体,"Architectural, Residential and Cultural Complex of the Radziwill Family at Nesvizh",文化遺産,Belarus,BY,Europe and North America,53.22278,26.69139,https://whc.unesco.org/document/124291,"Architectural, Residential and Cultural Complex of the Radziwill Family at Nesvizh",https://whc.unesco.org/en/list/1196
1199,クニヤ‐ウルゲンチ,Kunya-Urgench,文化遺産,Turkmenistan,TM,Asia and the Pacific,42.18318,59.08494,https://whc.unesco.org/document/128949,Kunya-Urgench,https://whc.unesco.org/en/list/1199
1200,シラクーザとパンタリカの岩壁墓地遺跡,Syracuse and the Rocky Necropolis of Pantalica,文化遺産,Italy,IT,Europe and North America,37.05944,15.29306,https://whc.unesco.org/document/113757,Syracuse and the Rocky Necropolis of Pantalica (Italy),https://whc.unesco.org/en/list/1200
1201,,Mount Mulanje Cultural Landscape,文化遺産,Malawi,MW,Africa,-15.91166667,35.65805556,https://whc.unesco.org/document/219991,Different Peaks of Mulanje Mountain,https://whc.unesco.org/en/list/1201
1202,シエンフェゴスの都市歴史地区,Urban Historic Centre of Cienfuegos,文化遺産,Cuba,CU,Latin America and the Caribbean,22.145887,-80.452183,https://whc.unesco.org/document/113776,Urban Historic Centre of Cienfuegos (Cuba),https://whc.unesco.org/en/list/1202
1203,スリランカの中央高原地帯,Central Highlands of Sri Lanka,自然遺産,Sri Lanka,LK,Asia and the Pacific,7.45245,80.8021,https://whc.unesco.org/document/203852,Central Highlands of Sri Lanka (Sri Lanka),https://whc.unesco.org/en/list/1203
1207,アフラージュ、オマーンの灌漑システム,<i>Aflaj</i> Irrigation Systems of Oman,文化遺産,Oman,OM,Arab States,22.99888889,57.53605556,https://whc.unesco.org/document/131067,Aflaj Irrigation Systems of Oman (Oman),https://whc.unesco.org/en/list/1207
1208,バムとその文化的景観,Bam and its Cultural Landscape,文化遺産,Iran (Islamic Republic of),IR,Asia and the Pacific,29.11683,58.36666667,https://whc.unesco.org/document/113829,Bam and its Cultural Landscape (Iran (Islamic Republic of)),https://whc.unesco.org/en/list/1208
1209,リュウゼツラン景観と古代テキーラ産業施設群,Agave Landscape and Ancient Industrial Facilities of Tequila,文化遺産,Mexico,MX,Latin America and the Caribbean,20.86305556,-103.7786111,https://whc.unesco.org/document/113852,Agave landscape and Ancient Industrial Facilities of Tequila,https://whc.unesco.org/en/list/1209
1211,ジェノヴァ:レ・ストラーデ・ヌオーヴェ とパラッツィ・デイ・ロッリ制度,Genoa: <i>Le Strade Nuove</i> and the system of the<i> Palazzi dei Rolli</i>,文化遺産,Italy,IT,Europe and North America,44.412,8.93,https://whc.unesco.org/document/113860,The Mirror Gallery of the Royal Palace,https://whc.unesco.org/en/list/1211
1213,四川ジャイアントパンダ保護区群,"Sichuan Giant Panda Sanctuaries - Wolong, Mt Siguniang and Jiajin Mountains",自然遺産,China,CN,Asia and the Pacific,30.83333333,103,https://whc.unesco.org/document/113868,Wolong - Mt. Siguniang and Jiajin Mountains,https://whc.unesco.org/en/list/1213
1214,シーウェル鉱山都市,Sewell Mining Town,文化遺産,Chile,CL,Latin America and the Caribbean,-34.08444444,-70.38277778,https://whc.unesco.org/document/113876,Sewell Mining Town (Chile),https://whc.unesco.org/en/list/1214
1215,コーンウォールとウェストデヴォンの鉱山景観,Cornwall and West Devon Mining Landscape,文化遺産,United Kingdom of Great Britain and Northern Ireland,GB,Europe and North America,50.13611111,-5.383611111,https://whc.unesco.org/document/113914,"Cornwall and West Devon Mining Landscape, Wheal Coates, St Agnes",https://whc.unesco.org/en/list/1215
1216,マルペロの 動植物保護区,Malpelo Fauna and Flora Sanctuary,自然遺産,Colombia,CO,Latin America and the Caribbean,4.003344,-81.607572,https://whc.unesco.org/document/113921,Manta Ray – Manta birostris,https://whc.unesco.org/en/list/1216
1217,ビスカヤ橋,Vizcaya Bridge,文化遺産,Spain,ES,Europe and North America,43.323175,-3.016833333,https://whc.unesco.org/document/113928,Vizcaya Bridge,https://whc.unesco.org/en/list/1217
1220,ハイファ及び西ガリラヤ地方のバハイ聖地群,Bahá’i Holy Places in Haifa and the Western Galilee,文化遺産,Israel,IL,Europe and North America,32.82939667,34.97164889,https://whc.unesco.org/document/139225,Bahá’i Holy Places in Haifa and the Western Galilee,https://whc.unesco.org/en/list/1220
1221,リドー運河,Rideau Canal,文化遺産,Canada,CA,Europe and North America,44.99438611,-75.765125,https://whc.unesco.org/document/113935,The flight of eight locks at Ottawa Lockstation is the largest flight on the Rideau Canal.,https://whc.unesco.org/en/list/1221
1222,ビソトゥーン(ベヒスタン),Bisotun,文化遺産,Iran (Islamic Republic of),IR,Asia and the Pacific,34.38833333,47.43666667,https://whc.unesco.org/document/113941,Bas-relief illustrating Darius' victory,https://whc.unesco.org/en/list/1222
1223,マラッカとジョージタウン、マラッカ海峡の古都群,"Melaka and George Town, Historic Cities of the Straits of Malacca",文化遺産,Malaysia,MY,Asia and the Pacific,5.421388889,100.3458333,https://whc.unesco.org/document/125476,"Melaka and George Town, Historic Cities of the Straits of Malacca",https://whc.unesco.org/en/list/1223
1224,プレア・ヴィヘア寺院,Temple of Preah Vihear,文化遺産,Cambodia,KH,Asia and the Pacific,14.390841,104.680325,https://whc.unesco.org/document/123643,"Temple of Preah Vihear, Southwest view of Gopura",https://whc.unesco.org/en/list/1224
1225,ロロペニの史跡,Ruins of Loropéni,文化遺産,Burkina Faso,BF,Africa,10.25002294,-3.583338493,https://whc.unesco.org/document/128724,Ruins of Loropéni (Burkina Faso),https://whc.unesco.org/en/list/1225
1226,セネガンビアのストーン・サークル群,Stone Circles of Senegambia,文化遺産,"Gambia,Senegal","GM, SN",Africa,13.69111111,-15.5225,https://whc.unesco.org/document/113968,Stone Circles of Senegambia,https://whc.unesco.org/en/list/1226
1227,アプラヴァシ・ガート,Aapravasi Ghat,文化遺産,Mauritius,MU,Africa,-20.15863889,57.50316667,https://whc.unesco.org/document/113974,Aapravasi Ghat (Mauritius),https://whc.unesco.org/en/list/1227
1229,クラック・デ・シュヴァリエとカル-エッサラー・エル‐ディン,Crac des Chevaliers and Qal’at Salah El-Din,文化遺産,Syrian Arab Republic,SY,Arab States,34.75666667,36.29444444,https://whc.unesco.org/document/120397,Crac des Chevaliers and Qal’at Salah El-Din (Syrian Arab Republic),https://whc.unesco.org/en/list/1229
1230,スレイマンカ聖山,Sulaiman-Too Sacred Mountain,文化遺産,Kyrgyzstan,KG,Asia and the Pacific,40.53111111,72.78277778,https://whc.unesco.org/document/114059,Sulaiman-Too Sacred Mountain (Kyrgyzstan),https://whc.unesco.org/en/list/1230
1231,ミジケンダの聖なるカヤの森林,Sacred Mijikenda Kaya Forests,文化遺産,Kenya,KE,Africa,-3.931944444,39.59611111,https://whc.unesco.org/document/114082,Sacred Mijikenda Kaya Forests (Kenya),https://whc.unesco.org/en/list/1231
1234,プトラナ高原,Putorana Plateau,自然遺産,Russian Federation,RU,Europe and North America,69.04694444,94.15805556,https://whc.unesco.org/document/114085,"Dupkun Lake, Putorana Plateau",https://whc.unesco.org/en/list/1234
1236,レオン大聖堂,León Cathedral,文化遺産,Nicaragua,NI,Latin America and the Caribbean,12.435,-86.87805556,https://whc.unesco.org/document/120745,León Cathedral,https://whc.unesco.org/en/list/1236
1237,ドロミティ山脈,The Dolomites,自然遺産,Italy,IT,Europe and North America,46.61305556,12.16305556,https://whc.unesco.org/document/114108,The Dolomites (Italy),https://whc.unesco.org/en/list/1237
1239,ベルリンの近代集合住宅群,Berlin Modernism Housing Estates,文化遺産,Germany,DE,Europe and North America,,,https://whc.unesco.org/document/220337,"(Extension 48 COM) Waldsiedlung Zehlendorf, apartment building, Bruno Taut, section I, 2021.",https://whc.unesco.org/en/list/1239
1240,スタリー・グラード平原,Stari Grad Plain,文化遺産,Croatia,HR,Europe and North America,43.18166667,16.63861111,https://whc.unesco.org/document/114142,Stari Grad Plain (Croatia),https://whc.unesco.org/en/list/1240
1242,ニッサのパルティア要塞群,Parthian Fortresses of Nisa,文化遺産,Turkmenistan,TM,Asia and the Pacific,37.99972222,58.19861111,https://whc.unesco.org/document/114178,Old Nisa: archaeological remains of the southern complex. The exposed walls have been partially reconstructed and sacrificial mud layers have been applied onto the original walls.,https://whc.unesco.org/en/list/1242
1243,ラヴォー地区の葡萄畑,"Lavaux, Vineyard Terraces",文化遺産,Switzerland,CH,Europe and North America,46.49194444,6.746111111,https://whc.unesco.org/document/114188,"Lavaux, Vineyard Terraces",https://whc.unesco.org/en/list/1243
1245,サンマリノ歴史地区とティターノ山,San Marino Historic Centre and Mount Titano,文化遺産,San Marino,SM,Europe and North America,43.93277778,12.45194444,https://whc.unesco.org/document/143898,San Marino Historic Centre and Mount Titano,https://whc.unesco.org/en/list/1245
1246,石見銀山遺跡とその文化的景観,Iwami Ginzan Silver Mine and its Cultural Landscape,文化遺産,Japan,JP,Asia and the Pacific,35.11277778,132.435,https://whc.unesco.org/document/114192,Aerial view from the port from west,https://whc.unesco.org/en/list/1246
1248,中国南部カルスト,South China Karst,自然遺産,China,CN,Asia and the Pacific,24.92333333,110.3544444,https://whc.unesco.org/document/126319,South China Karst (China),https://whc.unesco.org/en/list/1248
1250,メキシコ国立自治大学(UNAM)の中央大学都市キャンパス,Central University City Campus of the <i>Universidad Nacional Autónoma de México</i> (UNAM),文化遺産,Mexico,MX,Latin America and the Caribbean,19.33222222,-99.18805556,https://whc.unesco.org/document/131005,Central University City Campus of the Universidad Nacional Autónoma de México (UNAM) (Mexico),https://whc.unesco.org/en/list/1250
1252,タジキスタン国立公園,Tajik National Park (Mountains of the Pamirs),自然遺産,Tajikistan,TJ,Asia and the Pacific,38.765,72.30527778,https://whc.unesco.org/document/124102,Tajik National Park (Mountains of the Pamirs),https://whc.unesco.org/en/list/1252
1253,ガムジグラード‐ロムリアーナ、ガレリウスの宮殿,"Gamzigrad-Romuliana, Palace of Galerius",文化遺産,Serbia,RS,Europe and North America,43.89930556,22.18611111,https://whc.unesco.org/document/218408,"Gamzigrad-Romuliana, Palace of Galerius",https://whc.unesco.org/en/list/1253
1255,トゥウェイフルフォンテーン,Twyfelfontein or /Ui-//aes,文化遺産,Namibia,,Africa,-20.597,14.376,https://whc.unesco.org/document/114269,Twyfelfontien is known for its rock engravings and paintings and associated Late Stone Age material culture dating between 6000 and 2000 years. The site has one of the known largest concentrations of engravings in Africa executed on flat and upright slabs. Over five thousand individual figures have been recorded to date.,https://whc.unesco.org/en/list/1255
1256,ボルドー、リューヌ港,"Bordeaux, Port of the Moon",文化遺産,France,FR,Europe and North America,44.83888889,-0.572222222,https://whc.unesco.org/document/114281,"La place de la bourse illuminée. Bordeaux, Port of the Moon (France)",https://whc.unesco.org/en/list/1256
1257,アツィナナナの雨林,Rainforests of the Atsinanana,自然遺産,Madagascar,MG,Africa,-14.45972222,49.7025,https://whc.unesco.org/document/114317,Rainforests of the Atsinanana (Madagascar),https://whc.unesco.org/en/list/1257
1258,テイデ国立公園,Teide National Park,自然遺産,Spain,ES,Europe and North America,28.27138889,-16.64361111,https://whc.unesco.org/document/114340,Pico Viejo and intervening black lavas viewed from the summit of Pico Teide.,https://whc.unesco.org/en/list/1258
1259,ル・モーンの文化的景観,Le Morne Cultural Landscape,文化遺産,Mauritius,MU,Africa,-20.45194444,57.32833333,https://whc.unesco.org/document/204238,Le Morne view from the sky,https://whc.unesco.org/en/list/1259
1260,ヴィシェグラードのメフメド・パシャ・ソコロヴィッチ橋,Mehmed Paša Sokolović Bridge in Višegrad,文化遺産,Bosnia and Herzegovina,BA,Europe and North America,43.78144444,19.288025,https://whc.unesco.org/document/114350,Mehmed Paša Sokolović Bridge in Višegrad (Bosnia and Herzegovina),https://whc.unesco.org/en/list/1260
1262,イランのアルメニア修道士遺跡群,Armenian Monastic Ensembles of Iran,文化遺産,Iran (Islamic Republic of),IR,Asia and the Pacific,38.97888889,45.47333333,https://whc.unesco.org/document/170217,Armenian Monastic Ensembles of Iran,https://whc.unesco.org/en/list/1262
1263,ソコトラ諸島,Socotra Archipelago,自然遺産,Yemen,YE,Arab States,12.5,53.83333333,https://whc.unesco.org/document/114380,Socotra Archipelago (Yemen),https://whc.unesco.org/en/list/1263
1264,済州火山島と溶岩洞窟群,Jeju Volcanic Island and Lava Tubes,自然遺産,Republic of Korea,KR,Asia and the Pacific,33.46888889,126.7202778,https://whc.unesco.org/document/114382,Carbonate speleothems in Dangcheomuldonggul Lava Tube,https://whc.unesco.org/en/list/1264
1265,リフタスフェルトの文化的及び植生景観,Richtersveld Cultural and Botanical Landscape,文化遺産,South Africa,ZA,Africa,-28.6,17.20388889,https://whc.unesco.org/document/120446,Richtersveld,https://whc.unesco.org/en/list/1265
1267,スルツエイ,Surtsey,自然遺産,Iceland,IS,Europe and North America,63.30305556,-20.60222222,https://whc.unesco.org/document/131190,Surtsey,https://whc.unesco.org/en/list/1267
1268,アガデスの歴史地区,Historic Centre of Agadez,文化遺産,Niger,NE,Africa,16.97361111,7.991388889,https://whc.unesco.org/document/123299,Historic Centre of Agadez,https://whc.unesco.org/en/list/1268
1269,カナル(カラル)=スペの聖都,Sacred City of Caral-Supe,文化遺産,Peru,PE,Latin America and the Caribbean,-10.89166667,-77.52138889,https://whc.unesco.org/document/209581,Sacred City of Caral-Supe - Major Pyramid of Caral and the Supe Valley,https://whc.unesco.org/en/list/1269
1270,カマグェイの歴史地区,Historic Centre of Camagüey,文化遺産,Cuba,CU,Latin America and the Caribbean,21.37861111,-77.91861111,https://whc.unesco.org/document/126499,Historic Centre of Camagüey (Cuba),https://whc.unesco.org/en/list/1270
1272,サン・クリストバンのサン・フランシスコ・スクエア,São Francisco Square in the Town of São Cristóvão,文化遺産,Brazil,BR,Latin America and the Caribbean,-11.01365544,-37.20537476,,,https://whc.unesco.org/en/list/1272
1273,カルパチア山地のスロバキア地域の木造教会群,Wooden Churches of the Slovak part of the Carpathian Mountain Area,文化遺産,Slovakia,SK,Europe and North America,49.33611111,19.55833333,https://whc.unesco.org/document/114417,Hronsek,https://whc.unesco.org/en/list/1273
1274,サン・ミゲルの要塞都市とヘスス・デ・ナサレノ・デ・アトトニルコの聖地,Protective town of San Miguel and the Sanctuary of Jesús Nazareno de Atotonilco,文化遺産,Mexico,MX,Latin America and the Caribbean,20.91444444,-100.7463889,https://whc.unesco.org/document/136554,Protective town of San Miguel and the Sanctuary of Jésus Nazareno of Atotonilco,https://whc.unesco.org/en/list/1274
1276,レーティシュ鉄道アルブラ線・ベルニナ線と周辺の景観,Rhaetian Railway in the Albula / Bernina Landscapes,文化遺産,"Italy,Switzerland","IT, CH",Europe and North America,46.49833333,9.846388889,https://whc.unesco.org/document/138088,"Rhaetian Railway in the Albula and Bernina Landscapes, Switzerland",https://whc.unesco.org/en/list/1276
1277,平泉 - 仏教浄土を表す寺院、庭園と古代遺跡,"Hiraizumi – Temples, Gardens and Archaeological Sites Representing the Buddhist Pure Land",文化遺産,Japan,JP,Asia and the Pacific,39.00111111,141.1077778,https://whc.unesco.org/document/114429,"View of the garden from southeast (highest mountain behind
the garden called Tôyama) (Môtsû-ji)",https://whc.unesco.org/en/list/1277
1278,開城歴史遺跡地区,Historic Monuments and Sites in Kaesong,文化遺産,Democratic People's Republic of Korea,KP,Asia and the Pacific,37.98166667,126.5080556,https://whc.unesco.org/document/123260,Historic Monuments and Sites in Kaesong,https://whc.unesco.org/en/list/1278
1279,五台(ウタイ)山,Mount Wutai,文化遺産,China,CN,Asia and the Pacific,39.03055556,113.5633333,https://whc.unesco.org/document/209124,Mount Wutai,https://whc.unesco.org/en/list/1279
1280,首長ロイ・マタの地,Chief Roi Mata’s Domain,文化遺産,Vanuatu,VU,Asia and the Pacific,-17.62806944,168.1777194,https://whc.unesco.org/document/136595,Chief Roi Mata's Domain,https://whc.unesco.org/en/list/1280
1282,ヘルシングランドの装飾された農夫の家,Decorated Farmhouses of Hälsingland,文化遺産,Sweden,SE,Europe and North America,61.70722222,16.19583333,https://whc.unesco.org/document/124032,Decorated Farmhouses of Hälsingland,https://whc.unesco.org/en/list/1282
1283,ヴォーバンの要塞群,Fortifications of Vauban,文化遺産,France,FR,Europe and North America,47.23611111,6.026944444,https://whc.unesco.org/document/114523,Fortifications of Vauban (France),https://whc.unesco.org/en/list/1283
1285,ジョギンズ化石断崖,Joggins Fossil Cliffs,自然遺産,Canada,CA,Europe and North America,45.70972222,-64.43583333,https://whc.unesco.org/document/114541,Joggins Fossil Cliffs (Canada),https://whc.unesco.org/en/list/1285
1287,マントヴァとサッビオネータ,Mantua and Sabbioneta,文化遺産,Italy,IT,Europe and North America,45.15944444,10.79444444,https://whc.unesco.org/document/114553,Mantua and Sabbioneta (Italy),https://whc.unesco.org/en/list/1287
1290,オオカバマダラ生物圏保護区,Monarch Butterfly Biosphere Reserve,自然遺産,Mexico,MX,Latin America and the Caribbean,19.60638889,-100.2416667,https://whc.unesco.org/document/114603,Monarch Butterfly Biosphere Reserve (Mexico),https://whc.unesco.org/en/list/1290
1292,三清山国立公園,Mount Sanqingshan National Park,自然遺産,China,CN,Asia and the Pacific,28.91583333,118.0644444,https://whc.unesco.org/document/203842,Mount Sanqingshan National Park,https://whc.unesco.org/en/list/1292
1293,アル-ヒジュル古代遺跡(マダイン・サーレハ,Hegra Archaeological Site (al-Hijr / Madā ͐ in Ṣāliḥ),文化遺産,Saudi Arabia,SA,Arab States,26.78361111,37.955,https://whc.unesco.org/document/114622,Hegra Archaeological Site (al-Hijr / Madā ͐ in Ṣāliḥ),https://whc.unesco.org/en/list/1293
1295,モンバサのイエズス砦,"Fort Jesus, Mombasa",文化遺産,Kenya,KE,Africa,-4.062777778,39.67944444,https://whc.unesco.org/document/114665,"Fort Jesus, Mombasa",https://whc.unesco.org/en/list/1295
1298,ストックレー邸,Stoclet House,文化遺産,Belgium,BE,Europe and North America,50.835,4.416111111,https://whc.unesco.org/document/114669,Stoclet House (Belgium),https://whc.unesco.org/en/list/1298
1299,レナ石柱自然公園,Lena Pillars Nature Park,自然遺産,Russian Federation,RU,Europe and North America,60.66666667,127,https://whc.unesco.org/document/117402,The valley of the Buotama River right tributary of the Lena River.,https://whc.unesco.org/en/list/1299
1302,ラ・ショー・ド・フォン/ル・ロクル、時計造りの市街地計画,"La Chaux-de-Fonds / Le Locle, Watchmaking Town Planning",文化遺産,Switzerland,CH,Europe and North America,47.10388889,6.832777778,https://whc.unesco.org/document/114719,"La Chaux-de-Fonds / Le Locle, Watchmaking Town Planning (Switzerland)",https://whc.unesco.org/en/list/1302
1303,ポントカサルテ水道橋と運河,Pontcysyllte Aqueduct and Canal,文化遺産,United Kingdom of Great Britain and Northern Ireland,GB,Europe and North America,52.97027778,-3.087777778,https://whc.unesco.org/document/114731,Pontcysyllte Aqueduct and Canal,https://whc.unesco.org/en/list/1303
1305,登封(トウフウ)の「天地の中心」歴史的建築物群,Historic Monuments of Dengfeng in “The Centre of Heaven and Earth”,文化遺産,China,CN,Asia and the Pacific,34.45874722,113.0677194,https://whc.unesco.org/document/114745,Panorama of Zhongyue Temple,https://whc.unesco.org/en/list/1305
1306,オーストラリアの受刑施設群,Australian Convict Sites,文化遺産,Australia,AU,Asia and the Pacific,-33.37833333,150.9944444,https://whc.unesco.org/document/143772,Interior pf the Military Guardhouse on Cockatoo Island,https://whc.unesco.org/en/list/1306
1308,,Paraty and Ilha Grande – Culture and Biodiversity,複合遺産,Brazil,BR,Latin America and the Caribbean,-23.01860556,-44.68536944,https://whc.unesco.org/document/173386,Chapel of Sorrows,https://whc.unesco.org/en/list/1308
1310,シダーデ・ヴェリャ、リベイラ・グランデの歴史的中心地区,"Cidade Velha, Historic Centre of Ribeira Grande",文化遺産,Cabo Verde,CV,Africa,14.91513889,-23.60519444,https://whc.unesco.org/document/114755,"Cidade Velha, Historic Centre of Ribeira Grande (Cabo Verde)",https://whc.unesco.org/en/list/1310
1312,ヘラクレスの塔,Tower of Hercules,文化遺産,Spain,ES,Europe and North America,43.38583333,-8.406388889,https://whc.unesco.org/document/114777,Tower of Hercules (Spain),https://whc.unesco.org/en/list/1312
1313,アルマデンとイドリア-水銀鉱山の遺産,Heritage of Mercury. Almadén and Idrija,文化遺産,"Spain,Slovenia","ES, SI",Europe and North America,38.77527778,-4.838888889,https://whc.unesco.org/document/117419,"Brus’s Klaže, water barrier on the Belca creek",https://whc.unesco.org/en/list/1313
1314,ヴァデン海,Wadden Sea,自然遺産,"Denmark,Netherlands (Kingdom of the),Germany","DK, NL, DE",Europe and North America,53.52861111,8.556111111,https://whc.unesco.org/document/114787,"Wadden Sea (Denmark, Germany, Netherlands)",https://whc.unesco.org/en/list/1314
1315,シューシュタルの歴史的水圧装置,Shushtar Historical Hydraulic System,文化遺産,Iran (Islamic Republic of),IR,Asia and the Pacific,32.01861111,48.83583333,https://whc.unesco.org/document/204640,Shushtar Historical Hydraulic System (Iran (Islamic Republic of)),https://whc.unesco.org/en/list/1315
1317,レユニオン島の主峰、圏谷、岩壁群,"Pitons, cirques and remparts of Reunion Island",自然遺産,France,FR,Europe and North America,-21.09944444,55.48,https://whc.unesco.org/document/203840,"Cirque of Mafate, La Reunion, France - Pitons, cirques and remparts of Reunion Island",https://whc.unesco.org/en/list/1317
1318,イタリアのランゴバルド(ロンバルディア)王国(568 - 774年)の要衝(点在),Longobards in Italy. Places of the Power (568-774 A.D.),文化遺産,Italy,IT,Europe and North America,46.09416667,13.43305556,https://whc.unesco.org/document/138672,"Inside the Tempietto Longobardo, the Fregio - Cividale del Friuli",https://whc.unesco.org/en/list/1318
1319,朝鮮(ジョセオン)王朝の王墓,Royal Tombs of the Joseon Dynasty,文化遺産,Republic of Korea,KR,Asia and the Pacific,37.19722222,128.4527778,https://whc.unesco.org/document/114827,Royal Tombs of the Joseon Dynasty (Republic of Korea),https://whc.unesco.org/en/list/1319
1321,,"The Architectural Work of Le Corbusier, an Outstanding Contribution to the Modern Movement",文化遺産,"India,Japan,France,Belgium,Switzerland,Argentina,Germany","IN, JP, FR, BE, CH, AR, DE",Latin America and the Caribbean,46.46841389,6.829336111,https://whc.unesco.org/document/140720,Chapel of Ronchamp,https://whc.unesco.org/en/list/1321
1322,グラン・バッサムの歴史都市,Historic Town of Grand-Bassam,文化遺産,Côte d'Ivoire,CI,Africa,5.195833333,-3.736388889,https://whc.unesco.org/document/117155,Historic Town of Grand-Bassam (Côte d'Ivoire),https://whc.unesco.org/en/list/1322
1324,河回(ハフェ)と良洞(ヤンドン)の歴史村,Historic Villages of Korea: Hahoe and Yangdong,文化遺産,Republic of Korea,KR,Asia and the Pacific,36.53916667,128.5166667,https://whc.unesco.org/document/114850,Historic Villages of Korea: Hahoe and Yangdong (Republic of Korea),https://whc.unesco.org/en/list/1324
1325,フェニックス諸島保護区,Phoenix Islands Protected Area,自然遺産,Kiribati,KI,Asia and the Pacific,-3.864454,-172.650203,https://whc.unesco.org/document/114879,Phoenix Islands Protected Area (Kiribati),https://whc.unesco.org/en/list/1325
1326,パハナウモクアケア(広域),Papahānaumokuākea,複合遺産,United States of America,US,Europe and North America,25.34907,-170.14582,https://whc.unesco.org/document/197742,Nesting Great Frigatebirds. Papahānaumokuākea (United States of America),https://whc.unesco.org/en/list/1326
1328,昇龍(タン・ロン)─ハノイ─の帝都要塞主要部分,Central Sector of the Imperial Citadel of Thang Long - Hanoi,文化遺産,Viet Nam,VN,Asia and the Pacific,21.03752,105.838623,https://whc.unesco.org/document/130164,Central Sector of the Imperial Citadel of Thang Long - Hanoi,https://whc.unesco.org/en/list/1328
1329,ディライーヤのトゥライフ地区,At-Turaif District in ad-Dir'iyah,文化遺産,Saudi Arabia,SA,Arab States,24.73413333,46.57246667,https://whc.unesco.org/document/182373,At-Turaif District in ad-Dir'iyah (Saudi Arabia),https://whc.unesco.org/en/list/1329
1330,ブコヴィニとダルマティアの大都市居館,Residence of Bukovinian and Dalmatian Metropolitans,文化遺産,Ukraine,UA,Europe and North America,48.29666667,25.92472222,https://whc.unesco.org/document/114935,Architectural Ensemble of Residence of Bukovyna and Dalmatia Metropolitans,https://whc.unesco.org/en/list/1330
1333,コンソの文化的景観,Konso Cultural Landscape,文化遺産,Ethiopia,ET,Africa,5.3,37.4,https://whc.unesco.org/document/114937,Konso Cultural Landscape,https://whc.unesco.org/en/list/1333
1334,杭州西湖の文化的景観,West Lake Cultural Landscape of Hangzhou,文化遺産,China,CN,Asia and the Pacific,30.2375,120.1408333,https://whc.unesco.org/document/114945,"Leifeng Pagoda in evening glow, one of the ten poetically named scenic places of West Lake, Hangzhou, China",https://whc.unesco.org/en/list/1334
1335,丹霞山,China Danxia,自然遺産,China,CN,Asia and the Pacific,28.42194444,106.0425,https://whc.unesco.org/document/114947,China Danxia (China),https://whc.unesco.org/en/list/1335
1336,メロエ島の古代遺跡(点在),Archaeological Sites of the Island of Meroe,文化遺産,Sudan,SD,Arab States,16.93333333,33.71666667,https://whc.unesco.org/document/114975,Archaeological Sites of the Island of Meroe (Sudan),https://whc.unesco.org/en/list/1336
1337,司教都市アルビ,Episcopal City of Albi,文化遺産,France,FR,Europe and North America,43.92916667,2.144166667,https://whc.unesco.org/document/114997,Episcopal City of Albi,https://whc.unesco.org/en/list/1337
1338,ジャイプルのジャンタル・マンタル(天文台),"The Jantar Mantar, Jaipur",文化遺産,India,IN,Asia and the Pacific,26.92472222,75.825,https://whc.unesco.org/document/115001,Brihat Samrat Yantra – with repaired plaster and lime wash (khamira),https://whc.unesco.org/en/list/1338
1339,ビキニ環礁,Bikini Atoll Nuclear Test Site,文化遺産,Marshall Islands,MH,Asia and the Pacific,11.6,165.3805556,https://whc.unesco.org/document/115009,Bikini Atoll Nuclear Test Site (Marshall Islands),https://whc.unesco.org/en/list/1339
1342,西ガーツ山脈,Western Ghats,自然遺産,India,IN,Asia and the Pacific,8.529722222,77.24972222,https://whc.unesco.org/document/117263,Grass Hills view from Akkamalai,https://whc.unesco.org/en/list/1342
1343,アル・アインの文化的景観(ハフィト、ヒリ、 ビダ・ビント・サウドとオアシス群),"Cultural Sites of Al Ain (Hafit, Hili, Bidaa Bint Saud and Oases Areas)",文化遺産,United Arab Emirates,AE,Arab States,24.06777778,55.80638889,https://whc.unesco.org/document/115027,"Al Ain Palace Museum, Al Ain Oasis, front view",https://whc.unesco.org/en/list/1343
1344,ワロン地方の主要採鉱サイト,Major Mining Sites of Wallonia,文化遺産,Belgium,BE,Europe and North America,50.43527778,3.838333333,https://whc.unesco.org/document/117299,"Blegny, Major Mining Sites of Wallonia (Belgium)",https://whc.unesco.org/en/list/1344
1345,アルダビールのシェイフ・サフィー-オッディーン霊廟と神殿建造物群,Sheikh Safi al-din Khānegāh and Shrine Ensemble in Ardabil,文化遺産,Iran (Islamic Republic of),IR,Asia and the Pacific,38.24861111,48.29138889,https://whc.unesco.org/document/115033,Sheikh Safi al-din Khānegāh and Shrine Ensemble in Ardabil (Iran (Islamic Republic of)),https://whc.unesco.org/en/list/1345
1346,タブリーズの歴史的バーザール複合体,Tabriz Historic Bazaar Complex,文化遺産,Iran (Islamic Republic of),IR,Asia and the Pacific,38.08138889,46.29305556,https://whc.unesco.org/document/115056,Tabriz Historic Bazaar Complex (Iran (Islamic Republic of)),https://whc.unesco.org/en/list/1346
1348,北部シリアの古代村落群,Ancient Villages of Northern Syria,文化遺産,Syrian Arab Republic,SY,Arab States,36.33416667,36.84416667,https://whc.unesco.org/document/115077,The Bashira Jebel and the Baqirha site,https://whc.unesco.org/en/list/1348
1349,シンエルフラハト内の17世紀のアムステルダム運河輪地帯,Seventeenth-Century Canal Ring Area of Amsterdam inside the Singelgracht,文化遺産,Netherlands (Kingdom of the),NL,Europe and North America,52.365,4.887777778,https://whc.unesco.org/document/115081,Aerial view of Seventeenth-century canal ring area,https://whc.unesco.org/en/list/1349
1351,カミノ・レアル・デ・ティエラ・アデントロ(国立歴史道)(広域),Camino Real de Tierra Adentro,文化遺産,Mexico,MX,Latin America and the Caribbean,22.60805556,-102.3791667,https://whc.unesco.org/document/136607,Camino Real de Tierra Adentro (Mexico),https://whc.unesco.org/en/list/1351
1352,オアハカ中央渓谷のヤグールとミトラの有史以前洞穴,Prehistoric Caves of Yagul and Mitla in the Central Valley of Oaxaca,文化遺産,Mexico,MX,Latin America and the Caribbean,16.95083333,-96.42111111,https://whc.unesco.org/document/136612,Prehistoric Caves of Yagul and Mitla in the Central Valley of Oaxaca,https://whc.unesco.org/en/list/1352
1356,,Blue and John Crow Mountains,複合遺産,Jamaica,JM,Latin America and the Caribbean,18.0775,-76.57111111,https://whc.unesco.org/document/137173,Blue and John Crow Mountains - Black-billed Streamertail.,https://whc.unesco.org/en/list/1356
1358,ホー王朝の城塞,Citadel of the Ho Dynasty,文化遺産,Viet Nam,VN,Asia and the Pacific,20.07805556,105.6047222,https://whc.unesco.org/document/218468,Citadel of the Ho Dynasty,https://whc.unesco.org/en/list/1358
1359,サルム川デルタ,Saloum Delta,文化遺産,Senegal,SN,Africa,13.83527778,-16.49861111,https://whc.unesco.org/document/115095,Vue aérienne de la mangrove,https://whc.unesco.org/en/list/1359
1360,ノール=パ・ドゥ・カレの鉱山地帯,Nord-Pas de Calais Mining Basin,文化遺産,France,FR,Europe and North America,50.4625,3.546111111,https://whc.unesco.org/document/117348,Fosse d'Arenberg at Wallers. Nord-Pas de Calais Mining Basin (France),https://whc.unesco.org/en/list/1360
1361,,"Historic Jeddah, the Gate to Makkah",文化遺産,Saudi Arabia,SA,Arab States,21.48388889,39.1875,https://whc.unesco.org/document/182379,"Historic Jeddah, the Gate to Makkah (Saudi Arabia)",https://whc.unesco.org/en/list/1361
1362,小笠原諸島,Ogasawara Islands,自然遺産,Japan,JP,Asia and the Pacific,27.71833333,142.0997222,https://whc.unesco.org/document/115100,Chichijima Island Group,https://whc.unesco.org/en/list/1362
1363,アルプス周辺の有史以前高床式住居群(点在),Prehistoric Pile Dwellings around the Alps,文化遺産,"Italy,France,Austria,Slovenia,Switzerland,Germany","IT, FR, AT, SI, CH, DE",Europe and North America,47.27833333,8.2075,https://whc.unesco.org/document/115102,"Original piles in Lac de Chalain, rive occidentale (FR-39-02) with the reconstruction of a Neolithic dwelling in the background. Prehistoric Pile dwellings around the Alps (Austria, France, Germany, Italy, Slovenia, Switzerland)",https://whc.unesco.org/en/list/1363
1364,真珠採取と島の経済,"Pearling, Testimony of an Island Economy",文化遺産,Bahrain,BH,Arab States,26.24128,50.61351,https://whc.unesco.org/document/115106,"Pearling, testimony of an island economy.
View of B? M?hir Seashore",https://whc.unesco.org/en/list/1364
1366,エディルネのセリミエ・モスクとその公共建造物群,Selimiye Mosque and its Social Complex,文化遺産,Türkiye,TR,Europe and North America,41.67777778,26.55944444,https://whc.unesco.org/document/131751,Selimiye Mosque and its Social Complex,https://whc.unesco.org/en/list/1366
1367,国境防衛都市エルバスとその要塞群,Garrison Border Town of Elvas and its Fortifications,文化遺産,Portugal,PT,Europe and North America,38.88061944,-7.163322222,https://whc.unesco.org/document/117373,Amoreira Aqueduct,https://whc.unesco.org/en/list/1367
1368,アルフェルトのファグス靴型工場,Fagus Factory in Alfeld,文化遺産,Germany,DE,Europe and North America,51.98388889,9.812222222,https://whc.unesco.org/document/115119,"General south-eastern view, railway side (2009)",https://whc.unesco.org/en/list/1368
1369,ニンガルー・コースト,Ningaloo Coast,自然遺産,Australia,AU,Asia and the Pacific,-22.5625,113.8102778,https://whc.unesco.org/document/115123,Aerial view of Yardie Creek,https://whc.unesco.org/en/list/1369
1370,,Caves of Maresha and Bet-Guvrin in the Judean Lowlands as a Microcosm of the Land of the Caves,文化遺産,Israel,IL,Europe and North America,31.60111111,34.9,https://whc.unesco.org/document/170385,Sites of Human Evolution at Mount Carmel: The Nahal Me’arot / Wadi el-Mughara Caves,https://whc.unesco.org/en/list/1370
1371,セラ・デ・トラムンタナの文化的景観,Cultural Landscape of the Serra de Tramuntana,文化遺産,Spain,ES,Europe and North America,39.73083333,2.694722222,https://whc.unesco.org/document/115128,Valldemossa,https://whc.unesco.org/en/list/1371
1372,ペルシア庭園,The Persian Garden,文化遺産,Iran (Islamic Republic of),IR,Asia and the Pacific,30.16666667,53.16666667,https://whc.unesco.org/document/128889,The Persian Garden,https://whc.unesco.org/en/list/1372
1375,,Santiniketan,文化遺産,India,IN,Asia and the Pacific,23.68027778,87.68497222,https://whc.unesco.org/document/197758,Santiniketan Griha,https://whc.unesco.org/en/list/1375
1376,歴史都市ブリッジタウンとその駐屯地,Historic Bridgetown and its Garrison,文化遺産,Barbados,BB,Latin America and the Caribbean,13.09666667,-59.61388889,https://whc.unesco.org/document/115151,Historic Bridgetown and its Garrison (Barbados),https://whc.unesco.org/en/list/1376
1377,ワディ・ラムの保護区域,Wadi Rum Protected Area,複合遺産,Jordan,JO,Arab States,29.63972222,35.43388889,https://whc.unesco.org/document/115219,Wadi Rum Protected Area (Jordan),https://whc.unesco.org/en/list/1377
1379,バイロイトの辺境伯オペラハウス,Margravial Opera House Bayreuth,文化遺産,Germany,DE,Europe and North America,49.94439311,11.57849794,https://whc.unesco.org/document/117177,View of the proscenium from the Court Loge. Margravial Opera House Bayreuth,https://whc.unesco.org/en/list/1379
1380,サンガ川流域-三カ国を流れる大河,Sangha Trinational,自然遺産,"Congo,Cameroon,Central African Republic","CG, CM, CF",Africa,2.609444444,16.55416667,https://whc.unesco.org/document/117158,Bongo. Sangha Trinational,https://whc.unesco.org/en/list/1380
1382,モンゴル・アルタイの岩石線画群,Petroglyphic Complexes of the Mongolian Altai,文化遺産,Mongolia,MN,Asia and the Pacific,49.33388889,88.39527778,https://whc.unesco.org/document/209360,Petroglyphic Complexes of the Mongolian Altai,https://whc.unesco.org/en/list/1382
1386,ロック・アイランドの南潟,Rock Islands Southern Lagoon,複合遺産,Palau,PW,Asia and the Pacific,7.246925,134.3525,https://whc.unesco.org/document/117510,Ngerukewid Islands National Wildlife Preserve (2010),https://whc.unesco.org/en/list/1386
1387,コインブラ大学 - アルタとソフィア,University of Coimbra – Alta and Sofia,文化遺産,Portugal,PT,Europe and North America,40.20781111,-8.425775,https://whc.unesco.org/document/123314,University of Coimbra – Alta and Sofia,https://whc.unesco.org/en/list/1387
1388,澄江(チェンジャン)化石地(澄江生物化石群出土地域),Chengjiang Fossil Site,自然遺産,China,CN,Asia and the Pacific,24.66888889,102.9772222,https://whc.unesco.org/document/117221,Chengjiang Fossil Site (China),https://whc.unesco.org/en/list/1388
1389,元(げん)の上都遺跡,Site of Xanadu,文化遺産,China,CN,Asia and the Pacific,42.358,116.1851278,https://whc.unesco.org/document/117254,Outer appearance of east city wall of the Imperial City (2008),https://whc.unesco.org/en/list/1389
1390,,Vineyard Landscape of Piedmont: Langhe-Roero and Monferrato,文化遺産,Italy,IT,Europe and North America,44.60861111,7.963611111,https://whc.unesco.org/document/137940,Roero - Vineyard landscape,https://whc.unesco.org/en/list/1390
1393,カルメル山の人類進化遺跡群:ナハル・メアロット/ワディ・エル-ムガラ洞窟,Sites of Human Evolution at Mount Carmel: The Nahal Me’arot / Wadi el-Mughara Caves,文化遺産,Israel,IL,Europe and North America,32.66861111,34.96805556,https://whc.unesco.org/document/117473,General view of the site,https://whc.unesco.org/en/list/1393
1396,レンゴング渓谷の考古学遺跡群,Archaeological Heritage of the Lenggong Valley,文化遺産,Malaysia,MY,Asia and the Pacific,5.067908333,100.9723278,https://whc.unesco.org/document/117291,"View of islands in Raban Lake south of the property reminiscent of the possible environment of Prehistoric Bukit Bunuh, Bukit Jawa and Kota Tampan (2001)",https://whc.unesco.org/en/list/1396
1397,イスファハンのマスジェデ・ジャーメ(金曜モスク),Masjed-e Jāmé of Isfahan,文化遺産,Iran (Islamic Republic of),IR,Asia and the Pacific,32.66972222,51.68527778,https://whc.unesco.org/document/117273,Northern façade and northern eyvan of the mosque,https://whc.unesco.org/en/list/1397
1398,ゴンバ-デ・カーブース,Gonbad-e Qābus,文化遺産,Iran (Islamic Republic of),IR,Asia and the Pacific,37.25802778,55.169,https://whc.unesco.org/document/118684,Gonbad-e Qabus,https://whc.unesco.org/en/list/1398
1399,レブカ:歴史的港湾市街,Levuka Historical Port Town,文化遺産,Fiji,FJ,Asia and the Pacific,-17.68337778,178.8345333,https://whc.unesco.org/document/123466,Levuka Historical Port Town,https://whc.unesco.org/en/list/1399
1400,ウニアンガ湖水群,Lakes of Ounianga,自然遺産,Chad,TD,Africa,19.055,20.50555556,https://whc.unesco.org/document/117140,Lake Boukou,https://whc.unesco.org/en/list/1400
1401,ラバト、近代首都と歴史都市の共存,"Rabat, Modern Capital and Historic City: a Shared Heritage",文化遺産,Morocco,MA,Arab States,34.02416667,-6.822777778,https://whc.unesco.org/document/117189,Casbah des Oudaias,https://whc.unesco.org/en/list/1401
1402,アル・ズバーラ考古学遺跡,Al Zubarah Archaeological Site,文化遺産,Qatar,QA,Arab States,25.97805556,51.02972222,https://whc.unesco.org/document/123321,Al Zubarah Archaeological Site,https://whc.unesco.org/en/list/1402
1403,,Mount Hamiguitan Range Wildlife Sanctuary,自然遺産,Philippines,PH,Asia and the Pacific,6.717169444,126.1734306,https://whc.unesco.org/document/123209,Mt. Hamiguitan Range Wildelife Sanctuary,https://whc.unesco.org/en/list/1403
1404,グラン・プレの景観,Landscape of Grand Pré,文化遺産,Canada,CA,Europe and North America,45.11833333,-64.30722222,https://whc.unesco.org/document/117321,Landscape of Grand Pré (Canada),https://whc.unesco.org/en/list/1404
1405,チャタルヒュユクの新石器時代遺跡,Neolithic Site of Çatalhöyük,文化遺産,Türkiye,TR,Europe and North America,37.66666667,32.82805556,https://whc.unesco.org/document/119578,Neolithic Site of Çatalhöyük,https://whc.unesco.org/en/list/1405
1406,,Great Himalayan National Park Conservation Area,自然遺産,India,IN,Asia and the Pacific,31.83333333,77.58333333,https://whc.unesco.org/document/203849,Great Himalayan National Park,https://whc.unesco.org/en/list/1406
1407,バサリ族の地: バサリ、フラ、ベディックの文化的景観,"Bassari Country: Bassari, Fula and Bedik Cultural Landscapes",文化遺産,Senegal,SN,Africa,12.59333333,-12.84583333,https://whc.unesco.org/document/117171,Bédik landscape (2010),https://whc.unesco.org/en/list/1407
1410,エル・ピナカテとアルタル大砂漠生物圏保護区,El Pinacate and Gran Desierto de Altar Biosphere Reserve,自然遺産,Mexico,MX,Latin America and the Caribbean,32,-113.9166667,https://whc.unesco.org/document/123184,El Pinacate and Gran Desierto de Altar Biosphere Reserve (Mexico),https://whc.unesco.org/en/list/1410
1411,タウリカ半島の古代都市とそのコーラ,Ancient City of Tauric Chersonese and its Chora,文化遺産,Ukraine,UA,Europe and North America,44.61083333,33.49138889,https://whc.unesco.org/document/123370,Ancient city of Tauric Chersonese and its chora (5th century BC – 14th century AD),https://whc.unesco.org/en/list/1411
1412,レッド・ベイ:バスク人の捕鯨拠点,Red Bay Basque Whaling Station,文化遺産,Canada,CA,Europe and North America,51.726925,-56.42952222,https://whc.unesco.org/document/123248,Red Bay Basque Whaling Station,https://whc.unesco.org/en/list/1412
1413,ベルクパルク・ヴィルヘルムスヘーエ,Bergpark Wilhelmshöhe,文化遺産,Germany,DE,Europe and North America,51.31583333,9.393055556,https://whc.unesco.org/document/123502,Water features and Hercules within the Bergpark Wilhelmshöhe,https://whc.unesco.org/en/list/1413
1414,新疆天山,Xinjiang Tianshan,自然遺産,China,CN,Asia and the Pacific,41.96833333,80.35416667,https://whc.unesco.org/document/123173,Xianjiang Tianshan,https://whc.unesco.org/en/list/1414
1415,,Pimachiowin Aki,複合遺産,Canada,CA,Europe and North America,51.82641667,-95.41127778,https://whc.unesco.org/document/123223,Pimachiowin Aki - Canada,https://whc.unesco.org/en/list/1415
1416,,Stevns Klint,自然遺産,Denmark,DK,Europe and North America,55.26722222,12.42333333,https://whc.unesco.org/document/129599,Stevns Klint,https://whc.unesco.org/en/list/1416
1418,富士山─信仰の対象と芸術の源泉,"Fujisan, sacred place and source of artistic inspiration",文化遺産,Japan,JP,Asia and the Pacific,35.36083333,138.7275,https://whc.unesco.org/document/123481,Fujisan,https://whc.unesco.org/en/list/1418
1422,ゴレスタン宮殿,Golestan Palace,文化遺産,Iran (Islamic Republic of),IR,Asia and the Pacific,35.68036667,51.42051111,https://whc.unesco.org/document/123734,Golestan Palace (Iran (Islamic Republic of)),https://whc.unesco.org/en/list/1422
1423,,Cultural Landscape of Maymand,文化遺産,Iran (Islamic Republic of),IR,Asia and the Pacific,30.16805556,55.37555556,https://whc.unesco.org/document/137097,Cattle breeding in Sar-e-Aqol,https://whc.unesco.org/en/list/1423
1424,ポーランドとウクライナのカルパチア地方の木造聖堂群,Wooden <em>Tserkvas</em> of the Carpathian Region in Poland and Ukraine,文化遺産,"Poland,Ukraine","PL, UA",Europe and North America,49.53388889,21.03222222,https://whc.unesco.org/document/218414,"Wooden Tserkvas of the Carpathian Region in Poland and Ukraine - Drohobych, Church of St. George – Lviv region",https://whc.unesco.org/en/list/1424
1425,,"The Climats, terroirs of Burgundy",文化遺産,France,FR,Europe and North America,47.05805556,4.864444444,https://whc.unesco.org/document/137353,"Grand Clos des Epenots, Pommard",https://whc.unesco.org/en/list/1425
1426,,"Decorated Cave of Pont d’Arc, known as Grotte Chauvet-Pont d’Arc, Ardèche",文化遺産,France,FR,Europe and North America,44.3875,4.416111111,https://whc.unesco.org/document/129614,"Decorated cave of Pont d’Arc, known as Grotte Chauvet-Pont d’Arc, Ardèche",https://whc.unesco.org/en/list/1426
1427,エトナ火山,Mount Etna,自然遺産,Italy,IT,Europe and North America,37.75611111,14.99666667,https://whc.unesco.org/document/123241,Mount Etna,https://whc.unesco.org/en/list/1427
1430,ナミブ砂海,Namib Sand Sea,自然遺産,Namibia,,Africa,-24.88527778,15.40777778,https://whc.unesco.org/document/133530,Namib Sand Sea,https://whc.unesco.org/en/list/1430
1431,,Coastal and Marine Ecosystems of the Bijagós Archipelago – Omatí Minhô,自然遺産,Guinea-Bissau,GW,Africa,11.12,-15.94888889,https://whc.unesco.org/document/219821,"Group of terns (Thalasseus bengallensis) in flight, Poilão, João Vieira and Poilão National Marine Park (PNMJVP).",https://whc.unesco.org/en/list/1431
1432,,Okavango Delta,自然遺産,Botswana,BW,Africa,-19.28333333,22.9,https://whc.unesco.org/document/203869,Okavango Delta,https://whc.unesco.org/en/list/1432
1433,「イエスの聖誕地」: 聖誕教会と巡礼路、ベツレヘム,"Birthplace of Jesus: Church of the Nativity and the Pilgrimage Route, Bethlehem",文化遺産,State of Palestine,PS,Arab States,31.70435278,35.2075,https://whc.unesco.org/document/209527,"Birthplace of Jesus: Church of the Nativity and the Pilgrimage Route, Bethlehem",https://whc.unesco.org/en/list/1433
1434,,Chaîne des Puys - Limagne fault tectonic arena,自然遺産,France,FR,Europe and North America,45.77938889,2.965111111,https://whc.unesco.org/document/129608,Chaine des Puys - Limagne fault tectonic arena,https://whc.unesco.org/en/list/1434
1435,,Monumental Earthworks of Poverty Point,文化遺産,United States of America,US,Europe and North America,32.63694444,-91.40638889,https://whc.unesco.org/document/129795,Monumental Earthworks of Poverty Point,https://whc.unesco.org/en/list/1435
1437,,Erbil Citadel,文化遺産,Iraq,IQ,Arab States,36.19111111,44.00916667,https://whc.unesco.org/document/129685,Erbil Citadel,https://whc.unesco.org/en/list/1437
1438,,Trang An Landscape Complex,複合遺産,Viet Nam,VN,Asia and the Pacific,20.25666667,105.8963889,https://whc.unesco.org/document/129643,Trang An Landscape Complex,https://whc.unesco.org/en/list/1438
1439,,Namhansanseong,文化遺産,Republic of Korea,KR,Asia and the Pacific,37.47888889,127.1811111,https://whc.unesco.org/document/129944,Namhansanseong,https://whc.unesco.org/en/list/1439
1440,,Great Burkhan Khaldun Mountain and its surrounding sacred landscape,文化遺産,Mongolia,MN,Asia and the Pacific,48.76197778,109.0093278,https://whc.unesco.org/document/136561,Bosgo Tengeriin Davaa (the threshold pass of Heaven),https://whc.unesco.org/en/list/1440
1441,,Van Nellefabriek,文化遺産,Netherlands (Kingdom of the),NL,Europe and North America,51.92444444,4.4325,https://whc.unesco.org/document/129919,Van Nellefabriek,https://whc.unesco.org/en/list/1441
1442,,Silk Roads: the Routes Network of Chang'an-Tianshan Corridor,文化遺産,"China,Kyrgyzstan,Kazakhstan","CN, KG, KZ",Asia and the Pacific,34.30444444,108.8572222,https://whc.unesco.org/document/129564,"Silk Roads: Initial Section of the Silk Roads, the Routes Network of Tian-shan Corridor",https://whc.unesco.org/en/list/1442
1443,,The Grand Canal,文化遺産,China,CN,Asia and the Pacific,34.69388889,112.4683333,https://whc.unesco.org/document/129555,The Grand Canal,https://whc.unesco.org/en/list/1443
1444,,Pyu Ancient Cities,文化遺産,Myanmar,MM,Asia and the Pacific,22.47,95.81861111,https://whc.unesco.org/document/157601,"Hanlin, Pyu Ancient Cities, Myanmar, Burma",https://whc.unesco.org/en/list/1444
1446,,Baptism Site “Bethany Beyond the Jordan” (Al-Maghtas),文化遺産,Jordan,JO,Arab States,31.83722222,35.55277778,https://whc.unesco.org/document/137044,Wadi Al Kharrar Tell Al-Kharrar (Elijah's Hill),https://whc.unesco.org/en/list/1446
1447,,Carolingian Westwork and Civitas Corvey,文化遺産,Germany,DE,Europe and North America,51.77827778,9.41025,https://whc.unesco.org/document/129624,Carolingian Westwork and Civitas Corvey,https://whc.unesco.org/en/list/1447
1448,,Landscapes of Dauria,自然遺産,"Mongolia,Russian Federation","MN, RU",Asia and the Pacific,49.93022222,115.4254444,https://whc.unesco.org/document/147465,Landscapes of Dauria: A newborn Mongolian Gazelle in the Daursky reserve,https://whc.unesco.org/en/list/1448
1449,,Tomioka Silk Mill and Related Sites,文化遺産,Japan,JP,Asia and the Pacific,36.25527778,138.8877778,https://whc.unesco.org/document/129817,Tomioka Silk Mill and Related Sites,https://whc.unesco.org/en/list/1449
1450,,Thimlich Ohinga Archaeological Site,文化遺産,Kenya,KE,Africa,-0.891338056,34.326107,https://whc.unesco.org/document/203853,Large cattle enclosure,https://whc.unesco.org/en/list/1450
1452,,Bursa and Cumalıkızık: the Birth of the Ottoman Empire,文化遺産,Türkiye,TR,Europe and North America,40.18473056,29.06233611,https://whc.unesco.org/document/129879,Bursa and Cumalıkızık: the Birth of the Ottoman Empire,https://whc.unesco.org/en/list/1452
1453,,Precolumbian Chiefdom Settlements with Stone Spheres of the Diquís,文化遺産,Costa Rica,CR,Latin America and the Caribbean,8.938453,-83.502539,https://whc.unesco.org/document/136527,Precolumbian Chiefdom settlements with stone spheres of the Diquís,https://whc.unesco.org/en/list/1453
1455,,Susa,文化遺産,Iran (Islamic Republic of),IR,Asia and the Pacific,32.18944444,48.25611111,https://whc.unesco.org/document/137112,Achaemenid village,https://whc.unesco.org/en/list/1455
1456,,Shahr-i Sokhta,文化遺産,Iran (Islamic Republic of),IR,Asia and the Pacific,30.59388889,61.32777778,https://whc.unesco.org/document/131229,Shahr-I Sokhta,https://whc.unesco.org/en/list/1456
1457,,Pergamon and its Multi-Layered Cultural Landscape,文化遺産,Türkiye,TR,Europe and North America,39.12583333,27.18,https://whc.unesco.org/document/129861,Pergamon and its Multi-Layered Cultural Landscape,https://whc.unesco.org/en/list/1457
1459,,"Qhapaq Ñan, Andean Road System",文化遺産,"Peru,Chile,Ecuador,Colombia,Argentina,Bolivia (Plurinational State of)","PE, CL, EC, CO, AR, BO",Latin America and the Caribbean,-18.25,-69.59166667,https://whc.unesco.org/document/209587,"Qhapaq Ñan, Andean Road System - Monumental Archaeological Zone of Huánuco Pampa, Ushnu of Huanuco Pampa",https://whc.unesco.org/en/list/1459
1461,,Kaeng Krachan Forest Complex,自然遺産,Thailand,TH,Asia and the Pacific,12.86566667,99.40016667,https://whc.unesco.org/document/137015,Kaeng Krachan Forest Complex,https://whc.unesco.org/en/list/1461
1463,,Aqueduct of Padre Tembleque Hydraulic System,文化遺産,Mexico,MX,Latin America and the Caribbean,19.83527778,-98.66256667,https://whc.unesco.org/document/136359,View of the main arcade,https://whc.unesco.org/en/list/1463
1464,,Fray Bentos Industrial Landscape,文化遺産,Uruguay,UY,Latin America and the Caribbean,-33.11777778,-58.33166667,https://whc.unesco.org/document/136305,Workers and corporate staff house,https://whc.unesco.org/en/list/1464
1465,,"Champagne Hillsides, Houses and Cellars",文化遺産,France,FR,Europe and North America,49.0775,3.946111111,https://whc.unesco.org/document/136132,"Cellar, Aÿ",https://whc.unesco.org/en/list/1465
1466,,San Antonio Missions,文化遺産,United States of America,US,Europe and North America,29.32805556,-98.46,https://whc.unesco.org/document/136237,Mission Concepción church exterior,https://whc.unesco.org/en/list/1466
1467,,Speicherstadt and Kontorhaus District with Chilehaus,文化遺産,Germany,DE,Europe and North America,53.54555556,9.999444444,https://whc.unesco.org/document/136428,"Kontorhausviertel; Chilehaus, eastern tip and southern facade from the southeast",https://whc.unesco.org/en/list/1467
1468,,Moravian Church Settlements,文化遺産,"Denmark,United States of America,United Kingdom of Great Britain and Northern Ireland,Germany","DK, US, GB, DE",Europe and North America,55.35555556,9.481388889,https://whc.unesco.org/document/185435,Town from above,https://whc.unesco.org/en/list/1468
1469,,The par force hunting landscape in North Zealand,文化遺産,Denmark,DK,Europe and North America,55.91361111,12.35777778,https://whc.unesco.org/document/135750,The par force hunting landscape in North Zealand,https://whc.unesco.org/en/list/1469
1470,,Naumburg Cathedral,文化遺産,Germany,DE,Europe and North America,51.15480556,11.804,https://whc.unesco.org/document/136159,"Naumburg, cathedral with West choir",https://whc.unesco.org/en/list/1470
1471,,Necropolis of Bet She’arim: A Landmark of Jewish Renewal,文化遺産,Israel,IL,Europe and North America,32.70222222,35.12694444,https://whc.unesco.org/document/139241,"Necropolis of Bet She'arim, Israel",https://whc.unesco.org/en/list/1471
1472,,Rock Art in the Hail Region of Saudi Arabia,文化遺産,Saudi Arabia,SA,Arab States,28.01055556,40.91305556,https://whc.unesco.org/document/136192,"Camel and oryx images depicted on the vertical
surface of Jabal Umm Sinman, in association with
several Thamudic inscriptions.",https://whc.unesco.org/en/list/1472
1473,,Brâncuși Monumental Ensemble of Târgu Jiu,文化遺産,Romania,RO,Europe and North America,45.03827778,23.27877778,https://whc.unesco.org/document/207107,Table of Silence,https://whc.unesco.org/en/list/1473
1474,,Tusi Sites,文化遺産,China,CN,Asia and the Pacific,28.99861111,109.9669444,https://whc.unesco.org/document/136341,"Core area of the domain and Lingxi river, Laosicheng",https://whc.unesco.org/en/list/1474
1475,,Ennedi Massif: Natural and Cultural Landscape,複合遺産,Chad,TD,Africa,17.04166667,21.86277778,https://whc.unesco.org/document/141100,Prints from the bovidienne period on the north of the massif,https://whc.unesco.org/en/list/1475
1477,,Baekje Historic Areas,文化遺産,Republic of Korea,KR,Asia and the Pacific,36.46194444,127.1272222,https://whc.unesco.org/document/135769,Baekhwajeong Pavilion,https://whc.unesco.org/en/list/1477
1478,,Erzgebirge/Krušnohoří Mining Region,文化遺産,"Germany,Czechia","DE, CZ",Europe and North America,50.40652778,12.83734444,https://whc.unesco.org/document/166873,Example of the timbering in the Štola č. 1 (Adit no. 1) in Jáchymov,https://whc.unesco.org/en/list/1478
1480,,Victorian Gothic and Art Deco Ensembles of Mumbai,文化遺産,India,IN,Asia and the Pacific,18.92980556,72.83008333,https://whc.unesco.org/document/203839,An aerial view of the Nominated Property,https://whc.unesco.org/en/list/1480
1481,,The Ahwar of Southern Iraq: Refuge of Biodiversity and the Relict Landscape of the Mesopotamian Cities,複合遺産,Iraq,IQ,Arab States,31.56222222,47.65777778,https://whc.unesco.org/document/142103,The Ahwar of Southern Iraq: Refuge of Biodiversity and the Relict Landscape of the Mesopotamian Cities: E-dub-lal-mah in Ur,https://whc.unesco.org/en/list/1481
1483,,Singapore Botanic Gardens,文化遺産,Singapore,SG,Asia and the Pacific,1.315277778,103.8161111,https://whc.unesco.org/document/136224,The Bandstand,https://whc.unesco.org/en/list/1483
1484,,"Sites of Japan’s Meiji Industrial Revolution: Iron and Steel, Shipbuilding and Coal Mining",文化遺産,Japan,JP,Asia and the Pacific,34.43055556,131.4122222,https://whc.unesco.org/document/136181,Aerial view of Misumi West Port,https://whc.unesco.org/en/list/1484
1485,,The Forth Bridge,文化遺産,United Kingdom of Great Britain and Northern Ireland,GB,Europe and North America,56.00111111,-3.388888889,https://whc.unesco.org/document/136309,Forth Bridge from South Queensferry,https://whc.unesco.org/en/list/1485
1486,,Rjukan-Notodden Industrial Heritage Site,文化遺産,Norway,NO,Europe and North America,59.87861111,8.593611111,https://whc.unesco.org/document/135732,Vemork power plant,https://whc.unesco.org/en/list/1486
1487,,Arab-Norman Palermo and the Cathedral Churches of Cefalú and Monreale,文化遺産,Italy,IT,Europe and North America,38.11083333,13.35305556,https://whc.unesco.org/document/137421,Monreale Cathedral,https://whc.unesco.org/en/list/1487
1488,,Diyarbakır Fortress and Hevsel Gardens Cultural Landscape,文化遺産,Türkiye,TR,Europe and North America,37.9031,40.23930833,https://whc.unesco.org/document/136320,View from the inside of the fortress,https://whc.unesco.org/en/list/1488
1490,,Western Tien-Shan,自然遺産,"Kyrgyzstan,Kazakhstan,Uzbekistan","KG, KZ, UZ",Asia and the Pacific,43.71833333,68.67888889,https://whc.unesco.org/document/141995,"Western Tien-Shan, Padysha-Ata State Nature Reserve: Winter view",https://whc.unesco.org/en/list/1490
1492,,"Palestine: Land of Olives and Vines – Cultural Landscape of Southern Jerusalem, Battir",文化遺産,State of Palestine,PS,Arab States,31.71638889,35.15888889,https://whc.unesco.org/document/209525,"Palestine: Land of Olives and Vines – Cultural Landscape of Southern Jerusalem, Battir",https://whc.unesco.org/en/list/1492
1493,,Pampulha Modern Ensemble,文化遺産,Brazil,BR,Latin America and the Caribbean,-19.85194444,-43.97361111,https://whc.unesco.org/document/142163,Pampulha Modern Ensemble: Aerial view of the Ball Room,https://whc.unesco.org/en/list/1493
1495,,Hidden Christian Sites in the Nagasaki Region,文化遺産,Japan,JP,Asia and the Pacific,32.80222222,128.9038889,https://whc.unesco.org/document/166082,Remains of Nokubi Village,https://whc.unesco.org/en/list/1495
1496,,The 20th-Century Architecture of Frank Lloyd Wright,文化遺産,United States of America,US,Europe and North America,39.90557083,-79.46647556,https://whc.unesco.org/document/140884,"Solomon R. Guggenheim Museum, view of rotunda and skylight from ground floor.",https://whc.unesco.org/en/list/1496
1497,,Mistaken Point,自然遺産,Canada,CA,Europe and North America,46.635,-53.21111111,https://whc.unesco.org/document/140846,D an E surface with siltstone,https://whc.unesco.org/en/list/1497
1498,,"Seowon, Korean Neo-Confucian Academies",文化遺産,Republic of Korea,KR,Asia and the Pacific,36.72729722,128.8434278,https://whc.unesco.org/document/197694,Current view of Dosan Seowon in 2013,https://whc.unesco.org/en/list/1498
1499,,Antigua Naval Dockyard and Related Archaeological Sites,文化遺産,Antigua and Barbuda,AG,Latin America and the Caribbean,17.00694444,-61.76166667,https://whc.unesco.org/document/141934,Antigua Naval Dockyard and Related Archaeological Sites,https://whc.unesco.org/en/list/1499
1500,,Gorham's Cave Complex,文化遺産,United Kingdom of Great Britain and Northern Ireland,GB,Europe and North America,36.12266944,-5.342061111,https://whc.unesco.org/document/141143,"View of the four main caves constituting the Gorham’s Cave Complex from the sea. Left to right: Bennett’s, Gorham’s, Vanguard, Hyaena.",https://whc.unesco.org/en/list/1500
1501,,Antequera Dolmens Site,文化遺産,Spain,ES,Europe and North America,37.025,-4.544444444,https://whc.unesco.org/document/141884,"Antequera Dolmens Site: Las “siete mesas” de El
Torcal",https://whc.unesco.org/en/list/1501
1502,,"Archaeological Site of Nalanda Mahavihara at Nalanda, Bihar",文化遺産,India,IN,Asia and the Pacific,25.13666667,85.44388889,https://whc.unesco.org/document/141224,"Excavated Remains of Nalanda Mahavihara: View of Site no. 03 and structure to north of Site no. 1B
from East",https://whc.unesco.org/en/list/1502
1503,,Nan Madol: Ceremonial Centre of Eastern Micronesia,文化遺産,Micronesia (Federated States of),FM,Asia and the Pacific,6.839722222,158.3308333,https://whc.unesco.org/document/141510,Nan Madol: Ceremonial Center of the Eastern Micronesia: Breakwater wall of Pahn Mwasangapw (#128) with Lemenkau,https://whc.unesco.org/en/list/1503
1504,,Stećci Medieval Tombstone Graveyards,文化遺産,"Serbia,Croatia,Montenegro,Bosnia and Herzegovina","RS, HR, ME, BA",Europe and North America,43.09221389,17.92405278,https://whc.unesco.org/document/141980,"Velika and Mala Crljivica, Cista Velika",https://whc.unesco.org/en/list/1504
1505,,Lut Desert,自然遺産,Iran (Islamic Republic of),IR,Asia and the Pacific,30.21611111,58.83888889,https://whc.unesco.org/document/141573,"Lut Desert: Sand dunes in
Rig-e Yallan",https://whc.unesco.org/en/list/1505
1506,,The Persian Qanat,文化遺産,Iran (Islamic Republic of),IR,Asia and the Pacific,34.29,58.65444444,https://whc.unesco.org/document/141559,"The Persian Qanat: Aerial View, Jupar, Bagh-e Shahzadeh
(Mahan)",https://whc.unesco.org/en/list/1506
1507,,"Phu Phrabat, a testimony to the Sīma stone tradition of the Dvaravati period",文化遺産,Thailand,TH,Asia and the Pacific,17.73105833,102.3562667,https://whc.unesco.org/document/199087,The aerial photograph of the Phu Phrabat Historical Park in the winter,https://whc.unesco.org/en/list/1507
1508,,Zuojiang Huashan Rock Art Cultural Landscape,文化遺産,China,CN,Asia and the Pacific,22.25555556,107.0230556,https://whc.unesco.org/document/142027,"Zuojiang Huashan Rock Art Cultural Landscape, Meandering Rivers
and Typical Tablelands",https://whc.unesco.org/en/list/1508
1509,,Hubei Shennongjia,自然遺産,China,CN,Asia and the Pacific,31.46972222,110.2077778,https://whc.unesco.org/document/141267,Hubei Shennongjia. Cave for swiftlets,https://whc.unesco.org/en/list/1509
1510,,Archipiélago de Revillagigedo,自然遺産,Mexico,MX,Latin America and the Caribbean,18.78805556,-110.9752778,https://whc.unesco.org/document/141290,Archipielago de Revillagigedo: Humpback Whale,https://whc.unesco.org/en/list/1510
1511,,"Mbanza Kongo, Vestiges of the Capital of the former Kingdom of Kongo",文化遺産,Angola,AO,Africa,-6.268888889,14.24972222,https://whc.unesco.org/document/158853,View from the right angle of the Cathedral,https://whc.unesco.org/en/list/1511
1513,,Khangchendzonga National Park,複合遺産,India,IN,Asia and the Pacific,27.76472222,88.37722222,https://whc.unesco.org/document/141188,Khangchendzonga National Park: India-Nepal border at Boktok,https://whc.unesco.org/en/list/1513
1517,,Archaeological Site of Philippi,文化遺産,Greece,GR,Europe and North America,41.01472222,24.28527778,https://whc.unesco.org/document/141937,Archaeological Site of Philippi: The Theater,https://whc.unesco.org/en/list/1517
1518,,Archaeological Site of Ani,文化遺産,Türkiye,TR,Europe and North America,40.5,43.56666667,https://whc.unesco.org/document/142035,Archaeological Site of Ani: II. Smbat City Walls,https://whc.unesco.org/en/list/1518
1519,,Aphrodisias,文化遺産,Türkiye,TR,Europe and North America,37.70833333,28.72361111,https://whc.unesco.org/document/147748,Aphrodisias: Theater Complex,https://whc.unesco.org/en/list/1519
1523,,Churches of the Pskov School of Architecture,文化遺産,Russian Federation,RU,Europe and North America,57.80719444,28.32855556,https://whc.unesco.org/document/167002,"«Church of Pokrova (Intercession) ot Proloma (at the breach in the wall), 15th-16th centuries». View from the northwest",https://whc.unesco.org/en/list/1523
1525,,Assumption Cathedral and Monastery of the town-island of Sviyazhsk,文化遺産,Russian Federation,RU,Europe and North America,55.77027778,48.65277778,https://whc.unesco.org/document/187085,Assumption Cathedral and Monastery of the town-island of Sviyazhsk,https://whc.unesco.org/en/list/1525
1526,,Los Alerces National Park,自然遺産,Argentina,AR,Latin America and the Caribbean,-42.8528,-71.8728,https://whc.unesco.org/document/158927,Lake environment with temperate Alerce forest,https://whc.unesco.org/en/list/1526
1527,,Caves and Ice Age Art in the Swabian Jura,文化遺産,Germany,DE,Europe and North America,48.38777778,9.765555556,https://whc.unesco.org/document/158770,Front view of Hohlenstein Stadel,https://whc.unesco.org/en/list/1527
1528,,Talayotic Menorca,文化遺産,Spain,ES,Europe and North America,39.9975,3.908888889,https://whc.unesco.org/document/192622,Torralba d’en Salort - talayot and taula,https://whc.unesco.org/en/list/1528
1529,,Taputapuātea,文化遺産,France,FR,Europe and North America,-16.8414,-151.3723778,https://whc.unesco.org/document/147830,Taputapuatea,https://whc.unesco.org/en/list/1529
1532,,"Temple Zone of Sambor Prei Kuk, Archaeological Site of Ancient Ishanapura",文化遺産,Cambodia,KH,Asia and the Pacific,12.8725,105.0430556,https://whc.unesco.org/document/159047,Sambor Prei Kuk Archaeological Site representing the Cultural Landscape of Ancient Ishanapura - Prasat S2,https://whc.unesco.org/en/list/1532
1533,,Venetian Works of Defence between the 16th and 17th Centuries: <em>Stato da Terra</em> – Western <em>Stato da Mar</em>,文化遺産,"Italy,Croatia,Montenegro","IT, HR, ME",Europe and North America,45.70333333,9.663611111,https://whc.unesco.org/document/148471,Venetian Works of Defence between 15th and 17th Centuries: Orthophoto of City Fortress of Palmanova (Italy),https://whc.unesco.org/en/list/1533
1534,,Tehuacán-Cuicatlán Valley: originary habitat of Mesoamerica,複合遺産,Mexico,MX,Latin America and the Caribbean,17.98996111,-97.18715278,https://whc.unesco.org/document/158051,Tehuacan Landscape,https://whc.unesco.org/en/list/1534
1535,,Sacred Island of Okinoshima and Associated Sites in the Munakata Region,文化遺産,Japan,JP,Asia and the Pacific,34.245,130.1055556,https://whc.unesco.org/document/148522,"Sacred Island of Okinoshima and Associated Sites in the Munakata Region: Shrine buildings of Okitsu-
miya",https://whc.unesco.org/en/list/1535
1536,,Kujataa Greenland: Norse and Inuit Farming at the Edge of the Ice Cap,文化遺産,Denmark,DK,Europe and North America,61.16444444,-45.59805556,https://whc.unesco.org/document/158076,View of the coastal plain with Igaliku/ Garðar (Ø47).,https://whc.unesco.org/en/list/1536
1537,,Ancient City of Qalhat,文化遺産,Oman,OM,Arab States,22.69522222,59.37811111,https://whc.unesco.org/document/165951,Bibi Maryam Mausoleum,https://whc.unesco.org/en/list/1537
1538,,"Ivrea, industrial city of the 20th century",文化遺産,Italy,IT,Europe and North America,45.4575,7.869166667,https://whc.unesco.org/document/165888,"Officine H, interior",https://whc.unesco.org/en/list/1538
1539,,Tarnowskie Góry Lead-Silver-Zinc Mine and its Underground Water Management System,文化遺産,Poland,PL,Europe and North America,50.44269722,18.85122778,https://whc.unesco.org/document/159007,Multiple steel roof jacks installed during the second half of the twentieth century in the 'Silver Chamber' (Historic Silver Mine),https://whc.unesco.org/en/list/1539
1540,,Qinghai Hoh Xil,自然遺産,China,CN,Asia and the Pacific,35.38027778,92.43916667,https://whc.unesco.org/document/158114,Mount Bukadaban at dusk,https://whc.unesco.org/en/list/1540
1541,,"Kulangsu, a Historic International Settlement",文化遺産,China,CN,Asia and the Pacific,24.4475,118.0619444,https://whc.unesco.org/document/209150,"Kulangsu, a Historic International Settlement - The current situation of Kulangsu historical community.",https://whc.unesco.org/en/list/1541
1542,,Dilmun Burial Mounds,文化遺産,Bahrain,BH,Arab States,26.14972222,50.51277778,https://whc.unesco.org/document/166888,Madinat Hamad 1 Burial Mound Field,https://whc.unesco.org/en/list/1542
1544,,Historic City of Yazd,文化遺産,Iran (Islamic Republic of),IR,Asia and the Pacific,31.90138889,54.36916667,https://whc.unesco.org/document/158102,Brick Yazdi-Bandi,https://whc.unesco.org/en/list/1544
1545,,ǂKhomani Cultural Landscape,文化遺産,South Africa,ZA,Africa,-25.68761111,20.37458333,https://whc.unesco.org/document/158126,Dancing around fire.ǂKhomani Cultural Landscape,https://whc.unesco.org/en/list/1545
1548,,Valongo Wharf Archaeological Site,文化遺産,Brazil,BR,Latin America and the Caribbean,-22.89711111,-43.18739444,https://whc.unesco.org/document/158888,Valongo Wharf Archaeological Site - 4th Washing of the Wharf,https://whc.unesco.org/en/list/1548
1549,,Historic Centre of Sheki with the Khan’s Palace,文化遺産,Azerbaijan,AZ,Europe and North America,41.20333333,47.1875,https://whc.unesco.org/document/148562,Historic Centre of Sheki with the Khan’s Palace: Upper caravanserai. view from the yard,https://whc.unesco.org/en/list/1549
1550,,Asmara: A Modernist African City,文化遺産,Eritrea,ER,Africa,15.33527778,38.93583333,https://whc.unesco.org/document/159063,Asmara: a Modernist City of Africa (Eritrea),https://whc.unesco.org/en/list/1550
1551,,Historic City of Ahmadabad,文化遺産,India,IN,Asia and the Pacific,23.02638889,72.58805556,https://whc.unesco.org/document/158905,Buttress of Rani Sipri's mosque,https://whc.unesco.org/en/list/1551
1552,,Roșia Montană Mining Landscape,文化遺産,Romania,RO,Europe and North America,46.30611111,23.13055556,https://whc.unesco.org/document/165745,Roșia Montană,https://whc.unesco.org/en/list/1552
1553,,Archaeological Border complex of Hedeby and the Danevirke,文化遺産,Germany,DE,Europe and North America,54.46194444,9.454111111,https://whc.unesco.org/document/165420,The Crooked Wall of the Danevirke,https://whc.unesco.org/en/list/1553
1555,,Colonies of Benevolence,文化遺産,"Belgium,Netherlands (Kingdom of the)","BE, NL",Europe and North America,53.04222222,6.391588889,https://whc.unesco.org/document/166092,Frederiksoord,https://whc.unesco.org/en/list/1555
1557,,Aasivissuit – Nipisat. Inuit Hunting Ground between Ice and Sea,文化遺産,Denmark,DK,Europe and North America,67.06393056,-51.43320556,https://whc.unesco.org/document/165772,Looking west from the valley of Itineq towards the head of the fjord of Maligiaq.,https://whc.unesco.org/en/list/1557
1558,,Žatec and the Landscape of Saaz Hops,文化遺産,Czechia,CZ,Europe and North America,50.32027778,13.62,https://whc.unesco.org/document/192605,View from the south of the characteristic panorama of the Prague Suburbs with hop processing buildings and their chimneys (forest of chimneys).,https://whc.unesco.org/en/list/1558
1559,,Fanjingshan,自然遺産,China,CN,Asia and the Pacific,27.89555556,108.68,https://whc.unesco.org/document/165868,Fanjingshan,https://whc.unesco.org/en/list/1559
1560,,Caliphate City of Medina Azahara,文化遺産,Spain,ES,Europe and North America,37.88588889,-4.867694444,https://whc.unesco.org/document/165744,Aerial view of the Caliphate City of Medina Azahara,https://whc.unesco.org/en/list/1560
1561,,Quanzhou: Emporium of the World in Song-Yuan China,文化遺産,China,CN,Asia and the Pacific,24.71027778,118.4441667,https://whc.unesco.org/document/180737,Wenxing Dock,https://whc.unesco.org/en/list/1561
1562,,"Sansa, Buddhist Mountain Monasteries in Korea",文化遺産,Republic of Korea,KR,Asia and the Pacific,36.54194444,127.8333333,https://whc.unesco.org/document/165811,"Beopjusa Temple, Hall of Eight Pictures",https://whc.unesco.org/en/list/1562
1563,,"Al-Ahsa Oasis, an Evolving Cultural Landscape",文化遺産,Saudi Arabia,SA,Arab States,25.40216667,49.63056944,https://whc.unesco.org/document/182368,"Al-Ahsa Oasis, an Evolving Cultural Landscape (Saudi Arabia)",https://whc.unesco.org/en/list/1563
1564,,Tr’ondëk-Klondike,文化遺産,Canada,CA,Europe and North America,64.05034722,-139.4399472,https://whc.unesco.org/document/192984,"Third Avenue, Dawson City",https://whc.unesco.org/en/list/1564
1565,,Hebron/Al-Khalil Old Town,文化遺産,State of Palestine,PS,Arab States,31.52444444,35.10833333,https://whc.unesco.org/document/158992,General view of Hebron Old City,https://whc.unesco.org/en/list/1565
1567,,Funerary and memory sites of the First World War (Western Front),文化遺産,"France,Belgium","FR, BE",Europe and North America,,,https://whc.unesco.org/document/165927,Commonwealth Military Cemetery Bedford House Cemetery. Overview,https://whc.unesco.org/en/list/1567
1568,,Sassanid Archaeological Landscape of Fars Region,文化遺産,Iran (Islamic Republic of),IR,Asia and the Pacific,29.77748056,51.57045,https://whc.unesco.org/document/166050,Bishapur,https://whc.unesco.org/en/list/1568
1569,,The Maison Carrée of Nîmes,文化遺産,France,FR,Europe and North America,43.83822222,4.356194444,https://whc.unesco.org/document/203845,View of the Maison Carrée,https://whc.unesco.org/en/list/1569
1570,,"Kakatiya Rudreshwara (Ramappa) Temple, Telangana",文化遺産,India,IN,Asia and the Pacific,18.25913333,79.94320556,https://whc.unesco.org/document/182794,View showing bracket figures of Ramappa temple,https://whc.unesco.org/en/list/1570
1571,,Le Colline del Prosecco di Conegliano e Valdobbiadene,文化遺産,Italy,IT,Europe and North America,45.95302778,12.22611111,https://whc.unesco.org/document/166224,farra di Soligo,https://whc.unesco.org/en/list/1571
1572,,Göbekli Tepe,文化遺産,Türkiye,TR,Europe and North America,37.22324194,38.92236389,https://whc.unesco.org/document/165836,Aerial view of Göbekli Tepe in 2013,https://whc.unesco.org/en/list/1572
1573,,"Royal Building of <i>Mafra</i> – Palace, Basilica, Convent, <i>Cerco</i> Garden and Hunting Park (<i>Tapada</i>)",文化遺産,Portugal,PT,Europe and North America,38.93716667,-9.325527778,https://whc.unesco.org/document/166481,Main facade (east side),https://whc.unesco.org/en/list/1573
1574,,"Amami-Oshima Island, Tokunoshima Island, Northern part of Okinawa Island, and Iriomote Island",自然遺産,Japan,JP,Asia and the Pacific,28.27916667,129.3783333,https://whc.unesco.org/document/165863,Okinawa woodpecker (Sapheopipo noguchii),https://whc.unesco.org/en/list/1574
1575,,Barberton Makhonjwa Mountains,自然遺産,South Africa,ZA,Africa,-25.97388889,31.01388889,https://whc.unesco.org/document/165827,Lomati Valley,https://whc.unesco.org/en/list/1575
1577,,Budj Bim Cultural Landscape,文化遺産,Australia,AU,Asia and the Pacific,-38.08111111,141.8852778,https://whc.unesco.org/document/167829,Drone image of weir,https://whc.unesco.org/en/list/1577
1578,,Risco Caido and the Sacred Mountains of Gran Canaria Cultural Landscape,文化遺産,Spain,ES,Europe and North America,28.04438889,-15.66119444,https://whc.unesco.org/document/166170,The Milky Way over the Bentayga Highlands,https://whc.unesco.org/en/list/1578
1580,,Water Management System of Augsburg,文化遺産,Germany,DE,Europe and North America,48.36547222,10.902,https://whc.unesco.org/document/166557,The Water Management System of Augsburg,https://whc.unesco.org/en/list/1580
1581,,"Beaches of the D-Day Landings, Normandy, 1944",文化遺産,France,FR,Europe and North America,,,https://whc.unesco.org/document/225330,Mulberry B and the cliffs of Tracy-sur-Mer,https://whc.unesco.org/en/list/1581
1582,,The Colonial Transisthmian Route of Panamá,文化遺産,Panama,PA,Latin America and the Caribbean,9.323172222,-79.999775,https://whc.unesco.org/document/219810,Aerial view of the Castle of San Lorenzo,https://whc.unesco.org/en/list/1582
1584,,Hyrcanian Forests,自然遺産,"Azerbaijan,Iran (Islamic Republic of)","AZ, IR",Europe and North America,37.42147222,55.72427778,https://whc.unesco.org/document/166783,"Beech Forest, Mazandaran",https://whc.unesco.org/en/list/1584
1585,,Trans-Iranian Railway,文化遺産,Iran (Islamic Republic of),IR,Asia and the Pacific,35.65830556,51.39833333,https://whc.unesco.org/document/172369,"North line, Zarrindasht-Mahabad route, Commuter Passenger Train
(GM Locomotive)",https://whc.unesco.org/en/list/1585
1586,,"Memorial sites of the Genocide: Nyamata, Murambi, Gisozi and Bisesero",文化遺産,Rwanda,RW,Africa,-2.455527778,29.56772222,https://whc.unesco.org/document/200331,Nyamata seen from the back right,https://whc.unesco.org/en/list/1586
1587,,Megalithic Jar Sites in Xiengkhuang – Plain of Jars,文化遺産,Lao People's Democratic Republic,LA,Asia and the Pacific,19.43105556,103.1522222,https://whc.unesco.org/document/191023,"A group of megalithic jars in Site 2, Ban Na Kho Village, Phaxay District.
Megalithic Jars Sites in Xieng Khuang – Plain of Jars, Lao PDR",https://whc.unesco.org/en/list/1587
1588,,Bagan,文化遺産,Myanmar,MM,Asia and the Pacific,21.14888889,94.88444444,https://whc.unesco.org/document/167976,Bagan,https://whc.unesco.org/en/list/1588
1589,,Landscape for Breeding and Training of Ceremonial Carriage Horses at Kladruby nad Labem,文化遺産,Czechia,CZ,Europe and North America,50.05665,15.48425833,https://whc.unesco.org/document/166750,"Františkov farmstead from the east. In the background, pastures divided by paths and watercourses lined with trees. The “infinite” axis crosses the farmstead towards the west.",https://whc.unesco.org/en/list/1589
1590,,Sanctuary of Bom Jesus do Monte in Braga,文化遺産,Portugal,PT,Europe and North America,41.55494444,-8.377027778,https://whc.unesco.org/document/166460,Sanctuary of Bom Jesus do Monte in Braga,https://whc.unesco.org/en/list/1590
1591,,"Getbol, Korean Tidal Flats",自然遺産,Republic of Korea,KR,Asia and the Pacific,,,https://whc.unesco.org/document/225476,(Extension 2026) Halophytes with waterbirds,https://whc.unesco.org/en/list/1591
1592,,Archaeological Ruins of Liangzhu City,文化遺産,China,CN,Asia and the Pacific,30.39555556,119.9908333,https://whc.unesco.org/document/166301,Aerial view 1 of City Site (from southwest to northeast),https://whc.unesco.org/en/list/1592
1593,,Mozu-Furuichi Kofun Group: Mounded Tombs of Ancient Japan,文化遺産,Japan,JP,Asia and the Pacific,34.56222222,135.6094444,https://whc.unesco.org/document/167033,Nintoku-tenno-ryo Kofun (from south),https://whc.unesco.org/en/list/1593
1594,,Jodrell Bank Observatory,文化遺産,United Kingdom of Great Britain and Northern Ireland,GB,Europe and North America,53.23391667,-2.303861111,https://whc.unesco.org/document/167064,"The Lovell Telescope at Jodrell Bank Observatory, UK",https://whc.unesco.org/en/list/1594
1595,,The Archaeological Ensemble of 17th Century Port Royal,文化遺産,Jamaica,JM,Latin America and the Caribbean,17.93861389,-76.84337778,https://whc.unesco.org/document/220240,Aerial view of Port Royal,https://whc.unesco.org/en/list/1595
1597,,Writing-on-Stone / Áísínai’pi,文化遺産,Canada,CA,Europe and North America,49.075,-111.6333333,https://whc.unesco.org/document/166267,Shield-bearing warrior and the distant Sweetgrass Hills,https://whc.unesco.org/en/list/1597
1599,,Krzemionki Prehistoric Striped Flint Mining Region,文化遺産,Poland,PL,Europe and North America,50.96797222,21.50230556,https://whc.unesco.org/document/172380,Krzemionki Opatowskie Mining Field. Visitor route. Interpretive reconstruction over chamber mine shaft 7/610 based on archaeological excavation.,https://whc.unesco.org/en/list/1599
1602,,Ancient Ferrous Metallurgy Sites of Burkina Faso,文化遺産,Burkina Faso,BF,Africa,12.58775833,-3.328986111,https://whc.unesco.org/document/166675,"Tiwêga furnace, near Kaya",https://whc.unesco.org/en/list/1602
1603,,French Austral Lands and Seas,自然遺産,France,FR,Europe and North America,-49.38036111,69.35280556,https://whc.unesco.org/document/166930,"Japanese Garden, Crozet Archipelago",https://whc.unesco.org/en/list/1603
1604,,Vatnajökull National Park - Dynamic Nature of Fire and Ice,自然遺産,Iceland,IS,Europe and North America,64.577363,-16.88154044,https://whc.unesco.org/document/166209,Lakagígar,https://whc.unesco.org/en/list/1604
1605,,"Jaipur City, Rajasthan",文化遺産,India,IN,Asia and the Pacific,26.92427778,75.82186111,https://whc.unesco.org/document/173407,View of Gate to City Palace complex,https://whc.unesco.org/en/list/1605
1606,,Migratory Bird Sanctuaries along the Coast of Yellow Sea-Bohai Gulf of China,自然遺産,China,CN,Asia and the Pacific,31.51291667,121.9993889,https://whc.unesco.org/document/166354,Himantopus,https://whc.unesco.org/en/list/1606
1608,,Frontiers of the Roman Empire – The Danube Limes (Western Segment),文化遺産,"Austria,Slovakia,Germany","AT, SK, DE",Europe and North America,48.11519444,16.86138889,https://whc.unesco.org/document/166717,"Slovakia: Iža, Kelemantia, south view",https://whc.unesco.org/en/list/1608
1610,,Ombilin Coal Mining Heritage of Sawahlunto,文化遺産,Indonesia,ID,Asia and the Pacific,-0.766625556,100.7378833,https://whc.unesco.org/document/173278,Soegar Mining Pit was also converted into a museum called Museum Mbah Soero Mining Pit,https://whc.unesco.org/en/list/1610
1611,,Lençóis Maranhenses National Park,自然遺産,Brazil,BR,Latin America and the Caribbean,-2.536666667,-43.06361111,https://whc.unesco.org/document/206674,Lençóis Maranhenses National Park,https://whc.unesco.org/en/list/1611
1612,,The work of engineer Eladio Dieste: Church of Atlántida,文化遺産,Uruguay,UY,Latin America and the Caribbean,-34.74391944,-55.76640833,https://whc.unesco.org/document/172935,The inside of the bell tower,https://whc.unesco.org/en/list/1612
1613,,The Great Spa Towns of Europe,文化遺産,"Italy,France,Austria,Belgium,United Kingdom of Great Britain and Northern Ireland,Germany,Czechia","IT, FR, AT, BE, GB, DE, CZ",Europe and North America,50.49222222,5.866944444,https://whc.unesco.org/document/172645,Spa Colonnade - Mariánské Lázně,https://whc.unesco.org/en/list/1613
1614,,Mathildenhöhe Darmstadt,文化遺産,Germany,DE,Europe and North America,49.87638889,8.6675,https://whc.unesco.org/document/187735,Mathildenhöhe Darmstadt. Aerial view from west,https://whc.unesco.org/en/list/1614
1616,,Colchic Rainforests and Wetlands,自然遺産,Georgia,GE,Europe and North America,41.70227778,41.9512,https://whc.unesco.org/document/172470,"Kolkheti National Park. Churia district: visitor center and bird-watching
tower.",https://whc.unesco.org/en/list/1616
1618,,"Paseo del Prado and Buen Retiro, a landscape of Arts and Sciences",文化遺産,Spain,ES,Europe and North America,40.41533333,-3.687055556,https://whc.unesco.org/document/172680,Royal Astronomical Observatory,https://whc.unesco.org/en/list/1618
1619,,Ḥimā Cultural Area,文化遺産,Saudi Arabia,SA,Arab States,18.31671111,44.54533611,https://whc.unesco.org/document/172351,Cultural Rock Arts in Himā Najrān,https://whc.unesco.org/en/list/1619
1620,,Sítio Roberto Burle Marx,文化遺産,Brazil,BR,Latin America and the Caribbean,-23.02237778,-43.54622222,https://whc.unesco.org/document/181571,Sítio Roberto Burle Marx,https://whc.unesco.org/en/list/1620
1621,,Deer Stone Monuments and Related Bronze Age Sites,文化遺産,Mongolia,MN,Asia and the Pacific,47.74277778,101.2258333,https://whc.unesco.org/document/192582,"Deer stone, Jargalantyn Am, Khanui valley, Öndör-Ulaan soum, Arkhangai",https://whc.unesco.org/en/list/1621
1622,,Arslantepe Mound,文化遺産,Türkiye,TR,Europe and North America,38.3822,38.36109167,https://whc.unesco.org/document/181960,Overview of Arslantepe mound in the Orduzu plain,https://whc.unesco.org/en/list/1622
1623,,Padua’s fourteenth-century fresco cycles,文化遺産,Italy,IT,Europe and North America,45.41188889,11.87961111,https://whc.unesco.org/document/172424,"Scrovegni Chapel, interior",https://whc.unesco.org/en/list/1623
1624,,Chankillo Archaeoastronomical Complex,文化遺産,Peru,PE,Latin America and the Caribbean,-9.556861111,-78.23591667,https://whc.unesco.org/document/172453,Aerial view of the Fortified Temple,https://whc.unesco.org/en/list/1624
1625,,Cordouan Lighthouse,文化遺産,France,FR,Europe and North America,45.58630556,-1.173333333,https://whc.unesco.org/document/209204,Cordouan Lighthouse,https://whc.unesco.org/en/list/1625
1627,,Cultural Heritage Sites of Ancient Khuttal,文化遺産,Tajikistan,TJ,Asia and the Pacific,37.74439361,69.29871278,https://whc.unesco.org/document/220718,Ajinatepa Buddhist Monastery: view to the south-east.,https://whc.unesco.org/en/list/1627
1631,,Frontiers of the Roman Empire – The Lower German Limes,文化遺産,"Netherlands (Kingdom of the),Germany","NL, DE",Europe and North America,52.18033333,4.433,https://whc.unesco.org/document/209455,Frontiers of the Roman Empire – The Lower German Limes,https://whc.unesco.org/en/list/1631
1632,,Jomon Prehistoric Sites in Northern Japan,文化遺産,Japan,JP,Asia and the Pacific,41.06555556,140.5522222,https://whc.unesco.org/document/181834,Sannai Maruyama Site,https://whc.unesco.org/en/list/1632
1633,,The Slate Landscape of Northwest Wales,文化遺産,United Kingdom of Great Britain and Northern Ireland,GB,Europe and North America,53.12083333,-4.115,https://whc.unesco.org/document/181353,Dinorwig Slate Quarry Mountain Landscape,https://whc.unesco.org/en/list/1633
1634,,Settlement and Artificial Mummification of the Chinchorro Culture in the Arica and Parinacota Region,文化遺産,Chile,CL,Latin America and the Caribbean,-18.48196111,-70.32157222,https://whc.unesco.org/document/191049,"Sculpture: ‘Momia Guardiana’, Caleta Camarones, Chile.",https://whc.unesco.org/en/list/1634
1635,,"Nice, Winter Resort Town of the Riviera",文化遺産,France,FR,Europe and North America,43.70169444,7.272305556,https://whc.unesco.org/document/181111,"Nice, Winter Resort Town of the Riviera",https://whc.unesco.org/en/list/1635
1636,,"ShUM Sites of Speyer, Worms and Mainz",文化遺産,Germany,DE,Europe and North America,49.31621111,8.439538889,https://whc.unesco.org/document/181343,"Old Jewish Cemetery Mainz, “New Section” of the Cemetery",https://whc.unesco.org/en/list/1636
1638,,Badain Jaran Desert - Towers of Sand and Lakes,自然遺産,China,CN,Asia and the Pacific,39.88972222,102.2894444,https://whc.unesco.org/document/181239,Bilitu and lake,https://whc.unesco.org/en/list/1638
1640,,Djerba: Testimony to a settlement pattern in an island territory,文化遺産,Tunisia,TN,Arab States,33.79241944,11.00395833,https://whc.unesco.org/document/200923,Ouelhi mosque,https://whc.unesco.org/en/list/1640
1641,,The Gedeo Cultural Landscape,文化遺産,Ethiopia,ET,Africa,6.248888889,38.28777778,https://whc.unesco.org/document/196050,Tuto-fela steles,https://whc.unesco.org/en/list/1641
1642,,Mount Kumgang – Diamond Mountain from the Sea,複合遺産,Democratic People's Republic of Korea,KP,Asia and the Pacific,38.66027778,128.1375,https://whc.unesco.org/document/220936,Waterfall like clouds in harmony with Jipson Peak,https://whc.unesco.org/en/list/1642
1643,,The works of Jože Plečnik in Ljubljana – Human Centred Urban Design,文化遺産,Slovenia,SI,Europe and North America,46.04333333,14.50222222,https://whc.unesco.org/document/181320,View of the Three Bridges,https://whc.unesco.org/en/list/1643
1645,,Dholavira: a Harappan City,文化遺産,India,IN,Asia and the Pacific,23.88840833,70.21330278,https://whc.unesco.org/document/181368,General view of residential block in lower town,https://whc.unesco.org/en/list/1645
1647,,Cultural Landscape of Hawraman/Uramanat,文化遺産,Iran (Islamic Republic of),IR,Asia and the Pacific,35.10735833,46.47785,https://whc.unesco.org/document/181177,Hawraman/Uramanat Takht Village in Kurdistan,https://whc.unesco.org/en/list/1647
1648,,Sudanese style mosques in northern Côte d’Ivoire,文化遺産,Côte d'Ivoire,CI,Africa,10.49031667,-6.410166667,https://whc.unesco.org/document/191021,Sudanese style mosques in northern Côte d’Ivoire,https://whc.unesco.org/en/list/1648
1650,,The Porticoes of Bologna,文化遺産,Italy,IT,Europe and North America,44.49138889,11.33277778,https://whc.unesco.org/document/187249,Portico di San Luca,https://whc.unesco.org/en/list/1650
1653,,Ivindo National Park,自然遺産,Gabon,GA,Africa,0.113,12.648,https://whc.unesco.org/document/187724,Ivindo National Park,https://whc.unesco.org/en/list/1653
1654,,Petroglyphs of Lake Onega and the White Sea,文化遺産,Russian Federation,RU,Europe and North America,61.7299,36.01263889,https://whc.unesco.org/document/181338,"Petroglyphs of the cape Peri Nos II, III. Photo of the petroglyphs",https://whc.unesco.org/en/list/1654
1656,,Jewish-Medieval Heritage of Erfurt,文化遺産,Germany,DE,Europe and North America,50.97866389,11.02923333,https://whc.unesco.org/document/192552,"Stone House, west façade, with neighbouring buildings",https://whc.unesco.org/en/list/1656
1657,,Volcanoes and Forests of Mount Pelée and the Pitons of Northern Martinique,自然遺産,France,FR,Europe and North America,14.82330278,-61.17586111,https://whc.unesco.org/document/192520,Mount Pelée,https://whc.unesco.org/en/list/1657
1658,,Old town of Kuldīga,文化遺産,Latvia,LV,Europe and North America,56.96775,21.97152778,https://whc.unesco.org/document/192512,Old town of Kuldīga from south-west,https://whc.unesco.org/en/list/1658
1660,,Viking-Age Ring Fortresses,文化遺産,Denmark,DK,Europe and North America,56.99527778,9.254722222,https://whc.unesco.org/document/190887,"Trelleborg Viking-Age Ring Fortress on a peninsula with meandering
rivers connecting to the Great Belt.",https://whc.unesco.org/en/list/1660
1661,,"Modernist Kaunas: Architecture of Optimism, 1919-1939",文化遺産,Lithuania,LT,Europe and North America,54.89694444,23.92916667,https://whc.unesco.org/document/192565,A view of Modern Kaunas,https://whc.unesco.org/en/list/1661
1662,,The Ancient Town of Si Thep and its Associated Dvaravati Monuments,文化遺産,Thailand,TH,Asia and the Pacific,15.46581667,101.1511139,https://whc.unesco.org/document/192160,The aerial photograph of Muang Si Thep,https://whc.unesco.org/en/list/1662
1663,,National Archaeological Park Tak’alik Ab’aj,文化遺産,Guatemala,GT,Latin America and the Caribbean,14.63861111,-91.7325,https://whc.unesco.org/document/192297,"Structure 6 shows the introduction of the
Mayan architectural style",https://whc.unesco.org/en/list/1663
1665,,Cultural Landscape of Old Tea Forests of the Jingmai Mountain in Pu’er,文化遺産,China,CN,Asia and the Pacific,22.18416667,100.0075,https://whc.unesco.org/document/200161,Blang People’s Village in Wengji,https://whc.unesco.org/en/list/1665
1666,,Gaya Tumuli,文化遺産,Republic of Korea,KR,Asia and the Pacific,35.23726389,128.873725,https://whc.unesco.org/document/191262,Okjeon Tumuli,https://whc.unesco.org/en/list/1666
1667,,Koh Ker: Archaeological Site of Ancient Lingapura or Chok Gargyar,文化遺産,Cambodia,KH,Asia and the Pacific,13.78305556,104.5372222,https://whc.unesco.org/document/191216,"Prasat Damrei, viewed from east",https://whc.unesco.org/en/list/1667
1668,,The Persian Caravanserai,文化遺産,Iran (Islamic Republic of),IR,Asia and the Pacific,35.05835278,51.42013611,https://whc.unesco.org/document/196528,Gabr Ābād Caravanserai,https://whc.unesco.org/en/list/1668
1669,,Gordion,文化遺産,Türkiye,TR,Europe and North America,39.64333333,31.98611111,https://whc.unesco.org/document/191121,Aerial view of the citadel mound of Gordion (Yassıhöyük),https://whc.unesco.org/en/list/1669
1670,,Sacred Ensembles of the Hoysalas,文化遺産,India,IN,Asia and the Pacific,13.21245278,75.99407222,https://whc.unesco.org/document/192197,Jagati following the stellate plan form of the garbhagriha,https://whc.unesco.org/en/list/1670
1671,,The Cosmological Axis of Yogyakarta and its Historic Landmarks,文化遺産,Indonesia,ID,Asia and the Pacific,-7.801388889,110.3647778,https://whc.unesco.org/document/200087,Inner Complex. Tratag Pagelaran,https://whc.unesco.org/en/list/1671
1673,,"Vjetrenica Cave, Ravno",自然遺産,Bosnia and Herzegovina,BA,Europe and North America,42.845,17.98888889,https://whc.unesco.org/document/198746,Entrance to the Vjetrenica cave,https://whc.unesco.org/en/list/1673
1675,,Silk Roads: Zarafshan-Karakum Corridor,文化遺産,"Tajikistan,Uzbekistan,Turkmenistan","TJ, UZ, TM",Asia and the Pacific,39.44148889,69.68555833,https://whc.unesco.org/document/200156,Akja Gala Caravanserai - general view,https://whc.unesco.org/en/list/1675
1676,,"Human Rights, Liberation and Reconciliation: Nelson Mandela Legacy Sites",文化遺産,South Africa,ZA,Africa,-25.74069167,28.21179167,https://whc.unesco.org/document/192193,Walter Sisulu Square,https://whc.unesco.org/en/list/1676
1678,,Astronomical Observatories of Kazan Federal University,文化遺産,Russian Federation,RU,Europe and North America,55.79090833,49.11909722,https://whc.unesco.org/document/200419,An armillary sphere model next to the central building,https://whc.unesco.org/en/list/1678
1680,,Jodensavanne Archaeological Site: Jodensavanne Settlement and Cassipora Creek Cemetery,文化遺産,Suriname,SR,Latin America and the Caribbean,5.431111111,-54.98266667,https://whc.unesco.org/document/200186,Western façade ruin of Beraha VeSalom Synagogue,https://whc.unesco.org/en/list/1680
1681,,"ESMA Museum and Site of Memory – Former Clandestine Centre of Detention, Torture and Extermination",文化遺産,Argentina,AR,Latin America and the Caribbean,-34.53664167,-58.46533333,https://whc.unesco.org/document/193127,"Entrance façade of the ESMA Museum and Site of Memory Former Clandestine Centre of Detention, Torture and Extermination",https://whc.unesco.org/en/list/1681
1683,,Eisinga Planetarium in Franeker,文化遺産,Netherlands (Kingdom of the),NL,Europe and North America,53.187375,5.543752778,https://whc.unesco.org/document/193095,The Royal Eise Eisinga Planetarium – Planetarium room,https://whc.unesco.org/en/list/1683
1685,,Tugay forests of the Tigrovaya Balka Nature Reserve,自然遺産,Tajikistan,TJ,Asia and the Pacific,37.20472222,68.34138889,https://whc.unesco.org/document/203848,The old Khalka-Kul’ Lake framed by Asiatic poplar tugay vegetation,https://whc.unesco.org/en/list/1685
1686,,Anticosti,自然遺産,Canada,CA,Europe and North America,49.53861111,-63.24527778,https://whc.unesco.org/document/199619,Anticosti,https://whc.unesco.org/en/list/1686
1687,,Ancient Jericho/Tell es-Sultan,文化遺産,State of Palestine,PS,Arab States,31.87130556,35.44405556,https://whc.unesco.org/document/200025,Early Bronze III  Palace (G ),https://whc.unesco.org/en/list/1687
1688,,Cultural Landscape of Kenozero Lake,文化遺産,Russian Federation,RU,Europe and North America,61.928,38.17261111,https://whc.unesco.org/document/205942,Testament of Kenozero Lake,https://whc.unesco.org/en/list/1688
1689,,Hopewell Ceremonial Earthworks,文化遺産,United States of America,US,Europe and North America,40.05365833,-82.44606111,https://whc.unesco.org/document/193119,Mound City: View with Mount Logan at Sunrise,https://whc.unesco.org/en/list/1689
1692,,Evaporitic Karst and Caves of Northern Apennines,自然遺産,Italy,IT,Europe and North America,44.37994444,10.38891667,https://whc.unesco.org/document/193084,The “mammelloni” on the ceiling of the Buco del,https://whc.unesco.org/en/list/1692
1693,,Cold Winter Deserts of Turan,自然遺産,"Kazakhstan,Uzbekistan,Turkmenistan","KZ, UZ, TM",Asia and the Pacific,44.02583333,79.03416667,https://whc.unesco.org/document/193076,"Northern Ustyurt plateau, eastern chink",https://whc.unesco.org/en/list/1693
1694,,Wooden Hypostyle Mosques of Medieval Anatolia,文化遺産,Türkiye,TR,Europe and North America,38.75503611,30.529575,https://whc.unesco.org/document/193102,Main Prayer Hall of the Great Mosque of Afyon,https://whc.unesco.org/en/list/1694
1695,,Zagori Cultural Landscape,文化遺産,Greece,GR,Europe and North America,39.90527778,20.81972222,https://whc.unesco.org/document/200481,The village of Papingo,https://whc.unesco.org/en/list/1695
1696,,Cultural Landscape of Khinalig People and “Köç Yolu” Transhumance Route,文化遺産,Azerbaijan,AZ,Europe and North America,40.7059,48.8854,https://whc.unesco.org/document/200110,Khinalig village,https://whc.unesco.org/en/list/1696
1697,,Nyungwe National Park,自然遺産,Rwanda,RW,Africa,-2.5553,29.24733333,https://whc.unesco.org/document/200679,The l’Hoest’s monkey population of the Nyungwe Forest is currently probably the most important of the whole Albertine Rift region. The ongoing population assessment will give a more precise idea of the size on this population,https://whc.unesco.org/en/list/1697
1698,,Sado Island Gold Mines,文化遺産,Japan,JP,Asia and the Pacific,38.04083333,138.2577778,https://whc.unesco.org/document/206474,Doyu-no-warito Opencut Site (from the west),https://whc.unesco.org/en/list/1698
1699,,‘Uruq Bani Ma’arid,自然遺産,Saudi Arabia,SA,Arab States,19.36388889,45.59833333,https://whc.unesco.org/document/193067,Sand Gazelle near Acacia tree,https://whc.unesco.org/en/list/1699
1700,,"Landmarks of the Ancient Kingdom of Saba, Marib",文化遺産,Yemen,YE,Arab States,15.42687778,45.33522778,https://whc.unesco.org/document/192099,Ancient City of Sirwah,https://whc.unesco.org/en/list/1700
1702,,Rachid Karami International Fair-Tripoli,文化遺産,Lebanon,LB,Arab States,34.43777778,35.82416667,https://whc.unesco.org/document/196021,Lebanese pavilion,https://whc.unesco.org/en/list/1702
1703,,The Historic Centre of Odesa,文化遺産,Ukraine,UA,Europe and North America,46.48645,30.74161389,https://whc.unesco.org/document/196175,The Odesa National Academic Opera and Ballet Theatre (view from above from Rishelievska Street),https://whc.unesco.org/en/list/1703
1704,,Wixárika Route through Sacred Sites to Wirikuta (Tatehuarí Huajuyé),文化遺産,Mexico,MX,Latin America and the Caribbean,22.59786389,-103.2801528,https://whc.unesco.org/document/219962,Masau Tecua,https://whc.unesco.org/en/list/1704
1705,,Schwerin Residence Ensemble,文化遺産,Germany,DE,Europe and North America,53.62416667,11.41888889,https://whc.unesco.org/document/198738,The Palace is situated on an island in Lake Schwerin. The garden located on the island is called the Castle Garden.,https://whc.unesco.org/en/list/1705
1707,,Te Henua Enata – The Marquesas Islands,複合遺産,France,FR,Europe and North America,-7.969894444,-140.6460475,https://whc.unesco.org/document/198766,"Nuku Hiva, tohua Hikokua, Hatiheu valley",https://whc.unesco.org/en/list/1707
1708,,Via Appia. <em>Regina Viarum</em>,文化遺産,Italy,IT,Europe and North America,41.29272222,13.26272222,https://whc.unesco.org/document/199155,"Rome, Via Appia, paved stretch",https://whc.unesco.org/en/list/1708
1709,,Murujuga Cultural Landscape,文化遺産,Australia,AU,Asia and the Pacific,-20.56502778,116.6685278,https://whc.unesco.org/document/220548,Large fish motif at Dolphin Island.,https://whc.unesco.org/en/list/1709
1711,,Moidams – the Mound-Burial System of the Ahom Dynasty,文化遺産,India,IN,Asia and the Pacific,26.94117472,94.87635,https://whc.unesco.org/document/206874,Landscape of Charaideo Moidams,https://whc.unesco.org/en/list/1711
1712,,The Cultural Landscape of Al-Faw Archaeological Area,文化遺産,Saudi Arabia,SA,Arab States,19.76491667,45.16338889,https://whc.unesco.org/document/206944,City Landscape,https://whc.unesco.org/en/list/1712
1713,,Royal Court of Tiébélé,文化遺産,Burkina Faso,BF,Africa,11.08922222,-0.961861111,https://whc.unesco.org/document/199221,Partial view of the interior of the Court,https://whc.unesco.org/en/list/1713
1714,,Beijing Central Axis: A Building Ensemble Exhibiting the Ideal Order of the Chinese Capital,文化遺産,China,CN,Asia and the Pacific,39.90722222,116.3913889,https://whc.unesco.org/document/205928,Looking from the Bell Tower toward the Drum Tower,https://whc.unesco.org/en/list/1714
1715,,Gdynia Modernist City Centre,文化遺産,Poland,PL,Europe and North America,,,https://whc.unesco.org/document/219964,"Polish Sailor’s House, now Gdynia Maritime University, 3 Jana Pawła II Avenue",https://whc.unesco.org/en/list/1715
1716,,Hegmataneh,文化遺産,Iran (Islamic Republic of),IR,Asia and the Pacific,34.80238889,48.51668611,https://whc.unesco.org/document/207864,Hegmataneh hill,https://whc.unesco.org/en/list/1716
1718,,Frontiers of the Roman Empire – Dacia,文化遺産,Romania,RO,Europe and North America,47.18078889,23.15941111,https://whc.unesco.org/document/198880,The landscape of the Roman fort at Porolissum,https://whc.unesco.org/en/list/1718
1719,,The wider area of Mount Olympus,複合遺産,Greece,GR,Europe and North America,,,https://whc.unesco.org/document/220350,Mount Olympus,https://whc.unesco.org/en/list/1719
1720,,The Historic Town and Archaeological Site of Gedi,文化遺産,Kenya,KE,Africa,-3.310263889,40.01726389,https://whc.unesco.org/document/198626,Front view of the Palace,https://whc.unesco.org/en/list/1720
1721,,Umm Al-Jimāl,文化遺産,Jordan,JO,Arab States,32.32694444,36.37,https://whc.unesco.org/document/207077,"House XVIII’s double windows, from interior",https://whc.unesco.org/en/list/1721
1722,,The Flow Country,自然遺産,United Kingdom of Great Britain and Northern Ireland,GB,Europe and North America,58.39916667,-4.046111111,https://whc.unesco.org/document/198893,Peatmound and pools on the RSPB Forsinard Flows National Nature Reserve,https://whc.unesco.org/en/list/1722
1723,,The Emergence of Modern Human Behaviour: The Pleistocene Occupation Sites of South Africa,文化遺産,South Africa,ZA,Africa,-32.38638889,18.4525,https://whc.unesco.org/document/198607,Rock art at Diepkloof Rock Shelter 2.,https://whc.unesco.org/en/list/1723
1724,,Wadi Wurayah,自然遺産,United Arab Emirates,AE,Arab States,,,https://whc.unesco.org/document/220504,Sidaf (Pteropyrum scoparium) with its winged seeds.,https://whc.unesco.org/en/list/1724
1725,,Megaliths of Carnac and of the shores of Morbihan,文化遺産,France,FR,Europe and North America,47.61611111,-3.087222222,https://whc.unesco.org/document/220839,Menec alignments - Menec Vras. Carnac.,https://whc.unesco.org/en/list/1725
1726,,"The Palaces of King Ludwig II of Bavaria: Neuschwanstein, Linderhof, Schachen and Herrenchiemsee",文化遺産,Germany,DE,Europe and North America,47.5575,10.74944444,https://whc.unesco.org/document/219706,Neuschwanstein Castle as seen from the Tegelberg,https://whc.unesco.org/en/list/1726
1728,,Møns Klint,自然遺産,Denmark,DK,Europe and North America,54.96777778,12.55027778,https://whc.unesco.org/document/219355,Møns Klint,https://whc.unesco.org/en/list/1728
1730,,Funerary Tradition in the Prehistory of Sardinia – <em>The domus de janas</em>,文化遺産,Italy,IT,Europe and North America,40.08513889,8.951333333,https://whc.unesco.org/document/220745,"Sennori - Domus de janas of Orto del Beneficio Parrocchiale
Protome carved in the main chamber of Tomb B",https://whc.unesco.org/en/list/1730
1731,,Sardis and the Lydian Tumuli of Bin Tepe,文化遺産,Türkiye,TR,Europe and North America,38.48194444,28.04527778,https://whc.unesco.org/document/219672,View of Bin Tepe with Sardis in the background,https://whc.unesco.org/en/list/1731
1732,,"Yen Tu-Vinh Nghiem-Con Son, Kiep Bac Complex of Monuments and Landscapes",文化遺産,Viet Nam,VN,Asia and the Pacific,21.11925556,106.5353972,https://whc.unesco.org/document/220701,"Thai Mieu Shrine, situated on a low hill called Doi Dinh",https://whc.unesco.org/en/list/1732
1733,,Minoan Palatial Centres,文化遺産,Greece,GR,Europe and North America,35.24861111,24.88722222,https://whc.unesco.org/document/206426,Knossos palatial centre. Wall paintings.,https://whc.unesco.org/en/list/1733
1734,,Forest Research Institute Malaysia Forest Park Selangor,文化遺産,Malaysia,MY,Asia and the Pacific,3.22925,101.6272778,https://whc.unesco.org/document/219861,"Administration Building in its present man-made forest
setting",https://whc.unesco.org/en/list/1734
1735,,Faya Palaeolandscape,文化遺産,United Arab Emirates,AE,Arab States,25.08280556,55.80658333,https://whc.unesco.org/document/219779,Mleiha Eye at sunrise.,https://whc.unesco.org/en/list/1735
1736,,Xixia Imperial Tombs,文化遺産,China,CN,Asia and the Pacific,38.41583333,105.9711111,https://whc.unesco.org/document/219831,"Xixia Imperial Tombs
(Mausoleums No. 1 and No. 2)
and Helan Mountains",https://whc.unesco.org/en/list/1736
1739,,Maratha Military Landscapes of India,文化遺産,India,IN,Asia and the Pacific,20.7225,73.9425,https://whc.unesco.org/document/219733,"Pratapgad: View of the Chilkhati bastion with the hill
ranges and forests in the background",https://whc.unesco.org/en/list/1739
1740,,Petroglyphs along the Bangucheon Stream,文化遺産,Republic of Korea,KR,Asia and the Pacific,35.60845,129.1739972,https://whc.unesco.org/document/219938,Landscape of the nominated property,https://whc.unesco.org/en/list/1740
1742,,Aqaba Marine Reserve,自然遺産,Jordan,JO,Arab States,,,https://whc.unesco.org/document/220483,Sea horse,https://whc.unesco.org/en/list/1742
1743,,Rock Paintings of Shulgan-Tash Cave,文化遺産,Russian Federation,RU,Europe and North America,53.04944444,57.07202778,https://whc.unesco.org/document/219789,View from the Main Gallery to the entrance Portal Grotto in summer.,https://whc.unesco.org/en/list/1743
1744,,Prehistoric Sites of the Khorramabad Valley,文化遺産,Iran (Islamic Republic of),IR,Asia and the Pacific,33.49210833,48.34557222,https://whc.unesco.org/document/219758,Yafteh Cave,https://whc.unesco.org/en/list/1744
1745,,Diy-Gid-Biy Cultural Landscape of the Mandara Mountains,文化遺産,Cameroon,CM,Africa,10.90333333,13.79555556,https://whc.unesco.org/document/220560,Aerial view of the Diy-Gid-Biy passage huts,https://whc.unesco.org/en/list/1745
1746,,Gola-Tiwai Complex,自然遺産,Sierra Leone,SL,Africa,7.541166667,-11.34788889,https://whc.unesco.org/document/220312,White-necked rockfowl (Picathartes Gymnocephalus) in the Gola-Tiwai Complex (Gola central),https://whc.unesco.org/en/list/1746
1747,,Peruaçu River Canyon,自然遺産,Brazil,BR,Latin America and the Caribbean,-15.075,-44.20833333,https://whc.unesco.org/document/220793,View of the Peruaçu River in a segment of the Janelão cave.,https://whc.unesco.org/en/list/1747
1748,,Cambodian Memorial Sites: From centres of repression to places of peace and reflection,文化遺産,Cambodia,KH,Asia and the Pacific,11.77016,104.384814,https://whc.unesco.org/document/220591,"Commemorative stupa, Choeung Ek Genocidal Center",https://whc.unesco.org/en/list/1748
1749,,Saint Hilarion Monastery/ Tell Umm Amer,文化遺産,State of Palestine,PS,Arab States,31.44730556,34.36636111,https://whc.unesco.org/document/207525,"The Saint Hilarion Monastery in its peripheral environment, aerial view (north is on the left)",https://whc.unesco.org/en/list/1749
1750,,The Roças of Sao Tome and Principe: Colonial Agricultural System and Forced Migration,文化遺産,Sao Tome and Principe,ST,Africa,,,https://whc.unesco.org/document/220468,Coffee dryer,https://whc.unesco.org/en/list/1750
1751,,Okefenokee National Wildlife Refuge,自然遺産,United States of America,US,Europe and North America,,,https://whc.unesco.org/document/220430,"Aerial View of Chase Prairie in the Okefenokee National
Wildlife Refuge",https://whc.unesco.org/en/list/1751
1752,,Aalto Works,文化遺産,Finland,FI,Europe and North America,,,https://whc.unesco.org/document/220328,"Interior view through the Aalto house: the dining room, the living room and the office spaces are connected on the first floor.",https://whc.unesco.org/en/list/1752
1755,,Royal Capetian Fortresses of Languedoc,文化遺産,France,FR,Europe and North America,,,https://whc.unesco.org/document/225363,Quéribus Castle,https://whc.unesco.org/en/list/1755
1757,,Ancient Capitals of Asuka and Fujiwara,文化遺産,Japan,JP,Asia and the Pacific,,,https://whc.unesco.org/document/220524,Aerial view of Asukadera Temple Site (from the south),https://whc.unesco.org/en/list/1757
1758,,The Bony Fish Fossils of the Western Limfjord – Evolution and Climate Adaptation in the Earliest Eocene,自然遺産,Denmark,DK,Europe and North America,,,https://whc.unesco.org/document/220972,"The extremely wellpreserved marine turtle Tasbacka danica (NHMD 141598, DK 567) from a calcareous concretion in the Fur Formation (11 cm)",https://whc.unesco.org/en/list/1758
1759,,The Cemetery Complexes of the Xiongnu Nobility,文化遺産,Mongolia,MN,Asia and the Pacific,,,https://whc.unesco.org/document/226552,Aerial view of the external stone structure of the Xiongnu Noble Tomb Tomb 160 of Duurlig Nars),https://whc.unesco.org/en/list/1759
1760,,Rock Mosques and Associated Sacred Sites of Mangystau,文化遺産,Kazakhstan,KZ,Asia and the Pacific,,,https://whc.unesco.org/document/224950,Sultan-Epe. General view.,https://whc.unesco.org/en/list/1760
1761,,"Wat Phra Mahathat Woramahawihan, Nakhon Si Thammarat",文化遺産,Thailand,TH,Asia and the Pacific,,,https://whc.unesco.org/document/225264,Thamma Sala Vihara,https://whc.unesco.org/en/list/1761
1762,,The system of Italian-style <em>condominio</em> theatres of the 18th and 19th centuries in Central Italy,文化遺産,Italy,IT,Europe and North America,,,https://whc.unesco.org/document/226036,"Teatro dell'Aquila, Fermo, auditorium and historic lighting seen from above",https://whc.unesco.org/en/list/1762
1765,,Jingdezhen Handicraft Porcelain Industry Sites,文化遺産,China,CN,Asia and the Pacific,,,https://whc.unesco.org/document/220517,Huanglaodayao Kiln Remains,https://whc.unesco.org/en/list/1765
1766,,Tashkent Modernist Architecture. Modernity and Tradition in Central Asia,文化遺産,Uzbekistan,UZ,Asia and the Pacific,,,https://whc.unesco.org/document/224972,Main facade of the Palace of Peoples' Friendship,https://whc.unesco.org/en/list/1766
1768,,The Medinas of the Historic Sultanates of the Comoros,文化遺産,Comoros,KM,Africa,,,https://whc.unesco.org/document/220453,"View from Nguni Volcano, Ikoni, Ngazidja",https://whc.unesco.org/en/list/1768
1769,,Village of Sidi Bou Saïd,文化遺産,Tunisia,TN,Arab States,,,https://whc.unesco.org/document/225870,Panoramic view of the Mediterranean,https://whc.unesco.org/en/list/1769
1770,,Alamūt Castle and Related Fortifications,文化遺産,Iran (Islamic Republic of),IR,Asia and the Pacific,,,https://whc.unesco.org/document/220796,Alamūt Castle,https://whc.unesco.org/en/list/1770
1774,,Amazonia Theaters,文化遺産,Brazil,BR,Latin America and the Caribbean,,,https://whc.unesco.org/document/225767,Teatro Amazonas (Manaus),https://whc.unesco.org/en/list/1774
1808,,Boma–Badingilo Migratory Landscape,自然遺産,South Sudan,SS,Africa,,,https://whc.unesco.org/document/225254,Akobo River,https://whc.unesco.org/en/list/1808
1809,,Sebastia,文化遺産,State of Palestine,PS,Arab States,,,https://whc.unesco.org/document/226121,The Roman Theatre with the village of Sebastia in the background,https://whc.unesco.org/en/list/1809
1810,,Mount Amel Castles,文化遺産,Lebanon,LB,Arab States,,,https://whc.unesco.org/document/226557,Qalaat al-Chakif (Beaufort Castle). Aerial view of the castle south side after 2010-2014 works.,https://whc.unesco.org/en/list/1810
